timestamp,storename,address_original,address_normalize[0],address_normalize[1],最終更新日,url,開設者種別,開設者名,管理者名,歯科一般領域一覧,歯科口腔外科領域一覧,小児歯科領域一覧,矯正歯科領域一覧,施設状況一覧,対応可能ﾅ麻酔治療一覧,在宅医療,連携ﾉ有無,歯科医師(総数|常勤|非常勤),歯科技工士(総数|常勤|非常勤),歯科助手(総数|常勤|非常勤),歯科衛生士(総数|常勤|非常勤),前年度1日平均外来患者数,緯度,経度,page,診療科
2023-09-04,愛正会記念茨城福祉医療センター,水戸市元吉田町１８７２－１,茨城県水戸市元吉田町1872-1,,2023年1月27日,https://www.ibaraki-medinfo.jp/details/BaseInfo/sb/1080000001,社会福祉法人,社会福祉法人愛正会理事長横倉稔明,板橋 家頭夫,"['歯科領域の一次診療', '著しく歯科診療が困難な者（障害者等）の歯科治療', '摂食機能障害の治療']",na,na,na,"['院外処方', '視覚障害者への配慮（施設内点字ブロックの設置）', '視覚障害者への配慮（点字による表示）', '車椅子利用者への配慮（施設内のバリアフリー化の実施）', '車椅子対応トイレ', '施設内における全面禁煙の実施', '医療に関する相談窓口設置', '適時及び適温による食事の提供', '病床外での食事可能', '院内売店の設置']",na,na,"['病院との連携', '診療所との連携', '訪問看護ステーションとの連携', '居宅介護支援事業所との連携']",1.1|1|0.1,na,na,3.7|3|0.7,112.799,na,na,1,"[内科, 外科, 精神科, 小児科, リハビリテーション科, 歯科, 整形外科, 小児外科, 小児神経科, ]"
2023-09-04,総合病院水戸協同病院,水戸市宮町３－２－７,茨城県水戸市宮町三丁目2-7,,2023年3月25日,https://www.ibaraki-medinfo.jp/details/BaseInfo/sb/1080000003,厚生連,茨城県厚生農業協同組合連合会 代表理事理事長 酒井 義法,病院長 渡辺 重行,na,"['埋伏歯抜歯', '顎関節症治療', '顎変形症治療', '顎骨骨折治療', '口唇、舌若しくは口腔粘膜の炎症、外傷又は腫瘍の治療']",na,na,"['院内処方', '院外処方', '視覚障害者への配慮（音声による情報の伝達）', '視覚障害者への配慮（施設内点字ブロックの設置）', '視覚障害者への配慮（点字による表示）', '聴覚障害者への配慮（施設内の情報の表示）', '車椅子利用者への配慮（施設内のバリアフリー化の実施）', '車椅子対応トイレ', '施設内における全面禁煙の実施', '医療に関する相談窓口設置', '適時及び適温による食事の提供', '病床外での食事可能', '選択可能な入院食の提供', '院内売店の設置']",na,"['退院時共同指導', '救急搬送診療', '在宅患者訪問点滴注射管理指導', '訪問看護指示', '在宅患者訪問褥瘡管理指導']","['病院との連携', '診療所との連携', '訪問看護ステーションとの連携', '居宅介護支援事業所との連携', '薬局との連携']",1|1|-,na,na,3|3|-,275,na,na,1,"[内科, 外科, リウマチ科, 皮膚科, 泌尿器科, 婦人科, 眼科, 耳鼻咽喉・頭頸部外科, リハビリテーション科, 放射線科, 救急科, 麻酔科, 歯科口腔外科, 呼吸器科, 消化器科, 循環器科, 神経内科, 整形外科, 形成外科, 脳神経外科, ]"
2023-09-04,医療法人社団協栄会大久保病院,水戸市石川４－４０４０－３２,茨城県水戸市石川四丁目4040-32,,2023年1月23日,https://www.ibaraki-medinfo.jp/details/BaseInfo/sb/1080000015,医療法人,医療法人社団協栄会,大久保秀紀,"['歯科領域の一次診療', '成人の歯科矯正治療', '唇顎口蓋裂の歯科矯正治療', '顎変形症の歯科矯正治療']",na,na,na,"['院内処方', '院外処方', '視覚障害者への配慮（音声による情報の伝達）', '視覚障害者への配慮（施設内点字ブロックの設置）', '視覚障害者への配慮（点字による表示）', '聴覚障害者への配慮（施設内の情報の表示）', '車椅子利用者への配慮（施設内のバリアフリー化の実施）', '車椅子対応トイレ', '施設内における全面禁煙の実施', '医療に関する相談窓口設置', '適時及び適温による食事の提供', '選択可能な入院食の提供', '院内売店の設置']",na,"['在宅時医学総合管理（オンライン在宅管理に係るものに限る）', '施設入居時等医学総合管理', '訪問看護指示']","['訪問看護ステーションとの連携', '居宅介護支援事業所との連携']",1|1|0,na,na,1|1|0,70.3,na,na,1,"[内科, 外科, 皮膚科, 泌尿器科, 眼科, リハビリテーション科, 麻酔科, 歯科, 消化器外科, 整形外科, 脳神経外科, ]"
2023-09-04,茨城県立あすなろの郷病院,水戸市杉崎町１４６０,茨城県水戸市杉崎町1460,,2023年3月14日,https://www.ibaraki-medinfo.jp/details/BaseInfo/sb/1080000018,県,茨城県知事大井川和彦,原田勝利,"['歯科領域の一次診療', '著しく歯科診療が困難な者（障害者等）の歯科治療', '摂食機能障害の治療']",na,na,na,"['院内処方', '院外処方', '車椅子利用者への配慮（施設内のバリアフリー化の実施）', '車椅子対応トイレ', '施設内における全面禁煙の実施', '適時及び適温による食事の提供', '病床外での食事可能', '院内売店の設置']",na,na,na,2|-|2,na,na,1|1|-,39.4,na,na,1,"[内科, 外科, 精神科, 小児科, 皮膚科, 眼科, 耳鼻いんこう科, リハビリテーション科, 歯科, 神経内科, 整形外科, 脳神経外科, ]"
2023-09-04,独立行政法人国立病院機構水戸医療センター,東茨城郡茨城町桜の郷２８０番地,茨城県東茨城郡茨城町桜ﾉ郷280,,2022年12月05日,https://www.ibaraki-medinfo.jp/details/BaseInfo/sb/1080000030,独立行政法人,理事長 楠岡 英雄,米野 琢哉,na,"['埋伏歯抜歯', '顎関節症治療', '顎変形症治療', '顎骨骨折治療', '口唇、舌若しくは口腔粘膜の炎症、外傷又は腫瘍の治療', '唇顎口蓋裂治療']",na,na,"['院内処方', '院外処方', '視覚障害者への配慮（施設内点字ブロックの設置）', '聴覚障害者への配慮（施設内の情報の表示）', '車椅子利用者への配慮（施設内のバリアフリー化の実施）', '車椅子対応トイレ', '施設内における全面禁煙の実施', '医療に関する相談窓口設置', '適時及び適温による食事の提供', '病床外での食事可能', '選択可能な入院食の提供', '院内売店の設置', '外来者用食堂の設置']",na,"['在宅患者訪問看護・指導', '訪問看護指示']","['病院との連携', '診療所との連携', '訪問看護ステーションとの連携', '居宅介護支援事業所との連携', '薬局との連携']",4.3|3|1.3,na,na,2|2|-,360.6,na,na,1,"[内科, 外科, 精神科, 小児科, 皮膚科, 泌尿器科, 産婦人科, 眼科, 耳鼻いんこう科, 歯科口腔外科, 呼吸器科, 消化器科, 循環器科, 神経内科, 整形外科, 形成外科, 脳神経外科, 心臓血管外科, ]"
2023-09-04,医療法人 鳳香会 石本病院,笠間市石井２０４７,茨城県笠間市石井2047,,2023年3月10日,https://www.ibaraki-medinfo.jp/details/BaseInfo/sb/1080000032,医療法人,医療法人鳳香会,中村 幸嗣,['歯科領域の一次診療'],na,na,na,"['院外処方', '車椅子対応トイレ', '施設内における全面禁煙の実施', '医療に関する相談窓口設置', '適時及び適温による食事の提供', '病床外での食事可能']",na,"['往診（終日往診可能以外）', '在宅患者訪問診療', '在宅時医学総合管理（オンライン在宅管理に係るものに限る）', '在宅患者訪問点滴注射管理指導', '訪問看護指示']","['病院との連携', '診療所との連携', '訪問看護ステーションとの連携', '居宅介護支援事業所との連携', '薬局との連携']",1|1|0,na,na,na,40,na,na,1,"[内科, 胃腸科外科, 歯科, 内視鏡外科, 呼吸器科, ]"
2023-09-04,茨城県立中央病院,笠間市鯉淵６５２８,茨城県笠間市鯉淵6528,,2023年3月25日,https://www.ibaraki-medinfo.jp/details/BaseInfo/sb/1080000033,県,茨城県知事,島居 徹,"['歯科領域の一次診療', '成人の歯科矯正治療', '著しく歯科診療が困難な者（障害者等）の歯科治療']","['埋伏歯抜歯', '顎関節症治療', '顎変形症治療', '顎骨骨折治療', '口唇、舌若しくは口腔粘膜の炎症、外傷又は腫瘍の治療', '口腔領域の腫瘍の治療']",na,na,"['院内処方', '院外処方', '視覚障害者への配慮（音声による情報の伝達）', '視覚障害者への配慮（施設内点字ブロックの設置）', '聴覚障害者への配慮（手話による対応）', '聴覚障害者への配慮（施設内の情報の表示）', '車椅子利用者への配慮（施設内のバリアフリー化の実施）', '車椅子対応トイレ', '施設内における全面禁煙の実施', '医療に関する相談窓口設置', '適時及び適温による食事の提供', '病床外での食事可能', '選択可能な入院食の提供', '院内売店の設置', '外来者用食堂の設置']",na,"['往診（終日対応することができるものに限る）', '救急搬送診療', '在宅患者訪問点滴注射管理指導', '訪問看護指示']","['病院との連携', '診療所との連携', '訪問看護ステーションとの連携', '居宅介護支援事業所との連携', '薬局との連携']",2|2|-,na,na,2.5|1|1.5,316,na,na,1,"[内科, 一般・消化器外科, 小児科, 皮膚科, 泌尿器科, 産婦人科, 眼科, 耳鼻咽喉・頭頸部外科, リハビリテーション科, 放射線診断科, 放射線治療科, 救急科, 麻酔科, 歯科口腔外科, 神経内科, 整形外科, 形成外科, 脳神経外科, 総合診療科, 血管外科, 消化器内科, 乳腺外科, 循環器内科, 呼吸器外科, 呼吸器内科, 循環器外科, 内分泌・糖尿病内科, 血液内科, 膠原病・リウマチ科, 腎臓内科, 腫瘍内科, ]"
2023-09-04,医療法人碧水会汐ヶ崎病院,水戸市大串町７１５番地,茨城県水戸市大串町715,,2023年3月25日,https://www.ibaraki-medinfo.jp/details/BaseInfo/sb/1080000043,医療法人,医療法人碧水会,高沢 彰,['歯科領域の一次診療'],na,na,na,"['院内処方', '院外処方', '視覚障害者への配慮（施設内点字ブロックの設置）', '視覚障害者への配慮（点字による表示）', '車椅子利用者への配慮（施設内のバリアフリー化の実施）', '車椅子対応トイレ', '施設内における全面禁煙の実施', '医療に関する相談窓口設置', '適時及び適温による食事の提供', '病床外での食事可能', '院内売店の設置']",na,na,na,0.2|-|0.2,na,na,na,na,na,na,1,"[内科, 精神科, 歯科, 心療内科, ]"
2023-09-04,医療法人藤慈会藤井病院,常陸太田市金井町３６７０,茨城県常陸太田市金井町3670,,2023年3月13日,https://www.ibaraki-medinfo.jp/details/BaseInfo/sb/1080000056,医療法人,医療法人藤慈会,藤井俊宥,['歯科領域の一次診療'],"['埋伏歯抜歯', '顎関節症治療', '口唇、舌若しくは口腔粘膜の炎症、外傷又は腫瘍の治療']",na,na,"['院外処方', '車椅子利用者への配慮（施設内のバリアフリー化の実施）', '車椅子対応トイレ', '施設内における全面禁煙の実施', '適時及び適温による食事の提供', '病床外での食事可能']",na,na,na,1.4|-|1.4,na,na,1|1|-,37.76,na,na,1,"[内科, 外科, リウマチ科, 皮膚科, 泌尿器科, 眼科, 耳鼻いんこう科, リハビリテーション科, 歯科, 歯科口腔外科, 呼吸器科, ]"
2023-09-04,社会医療法人 愛宣会 ひたち医療センター,日立市鮎川町２－８－１６,茨城県日立市鮎川町二丁目8-16,,2023年8月15日,https://www.ibaraki-medinfo.jp/details/BaseInfo/sb/1080000063,医療法人,社会医療法人 愛宣会,加藤 貴史,['歯科領域の一次診療'],na,na,na,"['院外処方', '車椅子利用者への配慮（施設内のバリアフリー化の実施）', '車椅子対応トイレ', '施設内における全面禁煙の実施', '医療に関する相談窓口設置', '適時及び適温による食事の提供', '病床外での食事可能']",na,"['在宅患者訪問診療', '在宅患者訪問リハビリテーション指導管理', '訪問看護指示']","['病院との連携', '診療所との連携', '訪問看護ステーションとの連携', '居宅介護支援事業所との連携', '薬局との連携']",1|1|0,na,na,3|3|0,90.2,na,na,1,"[内科, 小児科, 泌尿器科, 歯科, 消化器内科, 神経内科, 整形外科, 形成外科, 脳神経外科, 消化器外科, ]"
2023-09-04,株式会社日立製作所日立総合病院,日立市城南町二丁目一番一号 ,茨城県日立市城南町二丁目1-1,,2023年3月22日,https://www.ibaraki-medinfo.jp/details/BaseInfo/sb/1080000066,会社,株式会社日立製作所,渡辺 泰徳,"['歯科領域の一次診療', '著しく歯科診療が困難な者（障害者等）の歯科治療']","['埋伏歯抜歯', '顎関節症治療', '口唇、舌若しくは口腔粘膜の炎症、外傷又は腫瘍の治療']",na,na,"['院外処方', '視覚障害者への配慮（施設内点字ブロックの設置）', '視覚障害者への配慮（点字による表示）', '聴覚障害者への配慮（手話による対応）', '聴覚障害者への配慮（施設内の情報の表示）', '車椅子利用者への配慮（施設内のバリアフリー化の実施）', '車椅子対応トイレ', '施設内における全面禁煙の実施', '医療に関する相談窓口設置', '適時及び適温による食事の提供', '院内売店の設置', '外来者用食堂の設置']",na,na,"['病院との連携', '診療所との連携', '訪問看護ステーションとの連携', '居宅介護支援事業所との連携', '薬局との連携']",2|2|-,na,na,4|5|-,463,na,na,1,"[内科, 外科, 小児科, 皮膚科, 泌尿器科, 産婦人科, 眼科, 耳鼻いんこう科, リハビリテーション科, 放射線科, 救急科, 麻酔科, 歯科口腔外科, 呼吸器内科, 消化器内科, 循環器内科, 神経内科, 整形外科, 形成外科, 脳神経外科, 血液・腫瘍内科, 呼吸器外科, 心臓血管外科, 代謝・内分泌内科, 乳腺・甲状腺外科, 腎臓内科, 緩和ケア内科, ]"
2023-09-04,医療法人愛正会田尻ケ丘病院,日立市田尻町３丁目２４番１号,茨城県日立市田尻町三丁目24-1,,2023年3月22日,https://www.ibaraki-medinfo.jp/details/BaseInfo/sb/1080000073,医療法人,医療法人愛正会,大和田 康夫,"['歯科領域の一次診療', '著しく歯科診療が困難な者（障害者等）の歯科治療', '摂食機能障害の治療']","['顎関節症治療', '口唇、舌若しくは口腔粘膜の炎症、外傷又は腫瘍の治療']",na,na,"['院内処方', '院外処方', '視覚障害者への配慮（点字による表示）', '聴覚障害者への配慮（施設内の情報の表示）', '車椅子利用者への配慮（施設内のバリアフリー化の実施）', '車椅子対応トイレ', '施設内における全面禁煙の実施', '医療に関する相談窓口設置', '適時及び適温による食事の提供', '病床外での食事可能', '院内売店の設置']",na,"['在宅患者訪問診療', '在宅患者訪問看護・指導', '同一建物居住者訪問看護・指導', '訪問看護指示', '在宅患者訪問栄養食事指導']","['病院との連携', '診療所との連携', '訪問看護ステーションとの連携', '居宅介護支援事業所との連携', '薬局との連携']",1|1|0,na,na,1|1|0,39,na,na,1,"[内科, 放射線科, 歯科, 神経内科, 循環器内科, 小児歯科, 消化器内科, 腎臓内科, 老年内科, ]"
2023-09-04,医療型障害児入所施設 水方苑,高萩市下手綱１９５１－１５,茨城県高萩市大字下手綱1951-15,,2023年3月22日,https://www.ibaraki-medinfo.jp/details/BaseInfo/sb/1080000075,社会福祉法人,社会福祉法人愛正会,延時 達朗,"['歯科領域の一次診療', '著しく歯科診療が困難な者（障害者等）の歯科治療', '摂食機能障害の治療']","['埋伏歯抜歯', '顎関節症治療']",na,na,"['院内処方', '院外処方', '車椅子利用者への配慮（施設内のバリアフリー化の実施）', '車椅子対応トイレ', '施設内における全面禁煙の実施', '医療に関する相談窓口設置', '病床外での食事可能']",na,na,na,0.8|-|0.8,na,na,2|2|-,45.5,na,na,1,"[内科, 小児科, 歯科, ]"
2023-09-04,県北医療センター高萩協同病院,高萩市上手綱上ヶ穂町１００６－９,茨城県高萩市大字上手綱上ヶ穂町1006-9,,2023年2月20日,https://www.ibaraki-medinfo.jp/details/BaseInfo/sb/1080000077,厚生連,茨城県厚生農業協同組合連合会,院長 近藤 匡,"['歯科領域の一次診療', '著しく歯科診療が困難な者（障害者等）の歯科治療']","['埋伏歯抜歯', '顎関節症治療', '顎骨骨折治療', '口唇、舌若しくは口腔粘膜の炎症、外傷又は腫瘍の治療']",na,na,"['院内処方', '院外処方', '視覚障害者への配慮（点字による表示）', '聴覚障害者への配慮（施設内の情報の表示）', '車椅子利用者への配慮（施設内のバリアフリー化の実施）', '車椅子対応トイレ', '施設内における全面禁煙の実施', '医療に関する相談窓口設置', '適時及び適温による食事の提供', '病床外での食事可能', '選択可能な入院食の提供', '院内売店の設置']",na,"['在宅患者訪問診療', '救急搬送診療', '在宅患者訪問看護・指導', '同一建物居住者訪問看護・指導', '訪問看護指示']","['病院との連携', '診療所との連携', '訪問看護ステーションとの連携', '居宅介護支援事業所との連携', '薬局との連携']",1.1|1|0.1,na,na,2|2|-,101.3,na,na,1,"[内科, 外科, 小児科, 皮膚科, 泌尿器科, 産婦人科, 眼科, 耳鼻咽喉科, リハビリテーション科, 放射線科, 麻酔科, 歯科口腔外科, 呼吸器科, 循環器科, 整形外科, 脳神経外科, ]"
2023-09-04,北茨城市民病院,北茨城市関南町関本下1050,茨城県北茨城市関南町関本下1050,,2023年3月22日,https://www.ibaraki-medinfo.jp/details/BaseInfo/sb/1080000078,市町村,北茨城市長 豊田 稔,田渕 崇文,"['歯科領域の一次診療', '成人の歯科矯正治療', '唇顎口蓋裂の歯科矯正治療', '顎変形症の歯科矯正治療', '著しく歯科診療が困難な者（障害者等）の歯科治療', '摂食機能障害の治療']","['埋伏歯抜歯', '顎関節症治療', '顎変形症治療', '顎骨骨折治療']",na,na,"['院内処方', '院外処方', '視覚障害者への配慮（施設内点字ブロックの設置）', '聴覚障害者への配慮（施設内の情報の表示）', '車椅子利用者への配慮（施設内のバリアフリー化の実施）', '車椅子対応トイレ', '施設内における全面禁煙の実施', '医療に関する相談窓口設置', '適時及び適温による食事の提供', '院内売店の設置', '外来者用食堂の設置']",na,"['往診（終日往診可能以外）', '救急搬送診療', '在宅患者訪問看護・指導', '同一建物居住者訪問看護・指導', '在宅患者訪問点滴注射管理指導']","['病院との連携', '診療所との連携', '訪問看護ステーションとの連携', '居宅介護支援事業所との連携', '薬局との連携']",2.5|2|0.5,na,na,3.8|3|0.8,75.5,na,na,1,"[内科, 外科, 小児科, 皮膚科, 泌尿器科, 産婦人科, 眼科, 耳鼻いんこう科, 歯科口腔外科, 呼吸器科, 整形外科, 脳神経外科, 消化器内科, 消化器外科, 循環器内科, ]"
2023-09-04,公益財団法人鹿島病院,鹿嶋市平井１１２９番地２,茨城県鹿嶋市大字平井1129-2,,2023年2月20日,https://www.ibaraki-medinfo.jp/details/BaseInfo/sb/1080000089,公益法人,公益財団法人鹿島病院 理事長 神尾 政彦,院長 高濱 浩輔,"['歯科領域の一次診療', '著しく歯科診療が困難な者（障害者等）の歯科治療']","['埋伏歯抜歯', '顎関節症治療', '口唇、舌若しくは口腔粘膜の炎症、外傷又は腫瘍の治療', '口腔領域の腫瘍の治療']",na,na,"['院外処方', '車椅子対応トイレ', '施設内における全面禁煙の実施', '医療に関する相談窓口設置', '適時及び適温による食事の提供', '病床外での食事可能', '院内売店の設置', '外来者用食堂の設置']",na,"['在宅患者訪問診療', '在宅患者訪問看護・指導', '訪問看護指示']","['病院との連携', '診療所との連携', '訪問看護ステーションとの連携', '居宅介護支援事業所との連携', '薬局との連携']",1|1|-,na,na,2|2|0,75.78,na,na,1,"[内科, 精神科, 婦人科, 眼科, リハビリテーション科, 歯科, 整形外科, ]"
2023-09-04,社会福祉法人 白十字会 白十字総合病院,神栖市賀２１４８,茨城県神栖市賀2148,,2023年7月25日,https://www.ibaraki-medinfo.jp/details/BaseInfo/sb/1080000092,社会福祉法人,社会福祉法人 白十字会 理事長 川村晴也,院長 鈴木善作,['歯科領域の一次診療'],na,na,na,"['院外処方', '視覚障害者への配慮（施設内点字ブロックの設置）', '車椅子対応トイレ', '施設内における全面禁煙の実施', '医療に関する相談窓口設置', '適時及び適温による食事の提供', '病床外での食事可能', '選択可能な入院食の提供', '院内売店の設置', '外来者用食堂の設置']",na,"['退院時共同指導', '救急搬送診療', '在宅患者訪問看護・指導', '在宅患者訪問点滴注射管理指導', '訪問看護指示']","['病院との連携', '診療所との連携', '訪問看護ステーションとの連携', '居宅介護支援事業所との連携', '薬局との連携']",0.6|0|0.6,na,na,na,149.3,na,na,1,"[内科, 外科, リウマチ科, 小児科, 皮膚科, 泌尿器科, 産婦人科, 眼科, 耳鼻いんこう科, リハビリテーション科, 歯科, 呼吸器科, 整形外科, 脳神経外科, ]"
2023-09-04,医療法人社団善仁会 小山記念病院,鹿嶋市厨五丁目１番地２,茨城県鹿嶋市厨五丁目1-2,,2023年3月22日,https://www.ibaraki-medinfo.jp/details/BaseInfo/sb/1080000097,医療法人,医療法人社団善仁会,院長 池田 和穂,na,"['埋伏歯抜歯', '顎関節症治療', '口唇、舌若しくは口腔粘膜の炎症、外傷又は腫瘍の治療']",na,na,"['院外処方', '視覚障害者への配慮（音声による情報の伝達）', '視覚障害者への配慮（施設内点字ブロックの設置）', '聴覚障害者への配慮（施設内の情報の表示）', '車椅子利用者への配慮（施設内のバリアフリー化の実施）', '車椅子対応トイレ', '施設内における全面禁煙の実施', '医療に関する相談窓口設置', '適時及び適温による食事の提供', '病床外での食事可能', '選択可能な入院食の提供', '院内売店の設置']",na,"['退院時共同指導', '在宅患者訪問診療', '救急搬送診療', '在宅患者訪問点滴注射管理指導', '訪問看護指示', '在宅患者連携指導']","['病院との連携', '診療所との連携', '訪問看護ステーションとの連携', '居宅介護支援事業所との連携', '薬局との連携']",1|1|-,na,na,1|1|-,146.2,na,na,1,"[内科, 外科, 泌尿器科, 産婦人科, 眼科, リハビリテーション科, 歯科口腔外科, 呼吸器内科, 消化器内科, 循環器内科, 整形外科, 形成外科, 脳神経外科, 糖尿病内科, 乳腺外科, 消化器外科, 漢方内科, 呼吸器外科, ]"
2023-09-04,茨城県厚生農業協同組合連合会ＪＡとりで総合医療センター,取手市本郷２丁目１番１号,茨城県取手市本郷二丁目1-1,,2020年12月24日,https://www.ibaraki-medinfo.jp/details/BaseInfo/sb/1080000101,厚生連,茨城県厚生農業協同組合連合会,冨滿 弘之,"['歯科領域の一次診療', '摂食機能障害の治療']","['埋伏歯抜歯', '顎関節症治療', '顎骨骨折治療', '口唇、舌若しくは口腔粘膜の炎症、外傷又は腫瘍の治療']",na,na,"['院内処方', '院外処方', '車椅子利用者への配慮（施設内のバリアフリー化の実施）', '車椅子対応トイレ', '施設内における全面禁煙の実施', '医療に関する相談窓口設置', '適時及び適温による食事の提供', '病床外での食事可能', '選択可能な入院食の提供', '院内売店の設置', '外来者用食堂の設置']",na,"['往診（終日往診可能以外）', '退院時共同指導', '在宅患者訪問診療', '在宅患者訪問看護・指導', '在宅患者訪問点滴注射管理指導', '在宅患者訪問リハビリテーション指導管理', '訪問看護指示', '在宅患者訪問薬剤管理指導', '在宅患者訪問栄養食事指導', '歯科訪問診療']","['病院との連携', '診療所との連携', '訪問看護ステーションとの連携', '居宅介護支援事業所との連携', '薬局との連携']",2|2|0,na,na,3|3|0,347.3,na,na,1,"[内科, 外科, 小児科, 皮膚科, 泌尿器科, 産婦人科, 眼科, 耳鼻咽喉科, リハビリテーション科, 歯科口腔外科, 整形外科, 脳神経外科, ]"
2023-09-04,医療法人社団常仁会牛久愛和総合病院,牛久市猪子町８９６番地,茨城県牛久市猪子町896,,2023年4月12日,https://www.ibaraki-medinfo.jp/details/BaseInfo/sb/1080000105,医療法人,医療法人社団常仁会,瀬下 明良,"['歯科領域の一次診療', '著しく歯科診療が困難な者（障害者等）の歯科治療', '摂食機能障害の治療']","['埋伏歯抜歯', '顎関節症治療', '顎変形症治療', '顎骨骨折治療', '口唇、舌若しくは口腔粘膜の炎症、外傷又は腫瘍の治療']",na,na,"['院内処方', '院外処方', '視覚障害者への配慮（音声による情報の伝達）', '視覚障害者への配慮（施設内点字ブロックの設置）', '視覚障害者への配慮（点字による表示）', '聴覚障害者への配慮（手話による対応）', '聴覚障害者への配慮（施設内の情報の表示）', '車椅子利用者への配慮（施設内のバリアフリー化の実施）', '車椅子対応トイレ', '施設内における全面禁煙の実施', '医療に関する相談窓口設置', '適時及び適温による食事の提供', '病床外での食事可能', '選択可能な入院食の提供', '院内売店の設置', '外来者用食堂の設置']",na,"['退院時共同指導', '在宅患者訪問リハビリテーション指導管理', '訪問看護指示']","['病院との連携', '診療所との連携', '訪問看護ステーションとの連携', '居宅介護支援事業所との連携']",3.3|3|0.3,na,na,4|4|0,199.9,na,na,1,"[心療内科, 総合診療科, 甲状腺・内分泌外科, リウマチ科, 小児科, 皮膚科, 泌尿器科, 産婦人科, 眼科, 耳鼻咽喉科, 救急科, 歯科口腔外科, 呼吸器内科, 消化器内科, 循環器科, 神経内科, 整形外科, 形成外科, 脳神経外科, ペインクリニック, 糖尿病・代謝内科, 総合外科, 消化器外科, 血液内科, 乳腺科, 腎臓内科, 内視鏡科, 透析外来, ]"
2023-09-04,みやざきホスピタル,稲敷市上根本３４７４,茨城県稲敷市上根本3474,,2022年10月24日,https://www.ibaraki-medinfo.jp/details/BaseInfo/sb/1080000106,医療法人,医療法人精光会,星野惠則,"['歯科領域の一次診療', '著しく歯科診療が困難な者（障害者等）の歯科治療']","['埋伏歯抜歯', '顎関節症治療', '口唇、舌若しくは口腔粘膜の炎症、外傷又は腫瘍の治療']",na,na,"['院外処方', '視覚障害者への配慮（音声による情報の伝達）', '視覚障害者への配慮（施設内点字ブロックの設置）', '視覚障害者への配慮（点字による表示）', '車椅子利用者への配慮（施設内のバリアフリー化の実施）', '車椅子対応トイレ', '施設内における全面禁煙の実施', '医療に関する相談窓口設置', '適時及び適温による食事の提供', '病床外での食事可能', '院内売店の設置']",na,"['往診（終日往診可能以外）', '在宅患者訪問看護・指導']","['訪問看護ステーションとの連携', '居宅介護支援事業所との連携']",na,na,na,na,na,na,na,2,"[内科, 精神科, 小児科, 歯科, 心療内科, 神経科, ]"
2023-09-04,つくばセントラル病院,牛久市柏田町１５８９－３,茨城県牛久市柏田町1589-3,,2023年4月12日,https://www.ibaraki-medinfo.jp/details/BaseInfo/sb/1080000112,医療法人,社会医療法人若竹会,竹島徹,"['歯科領域の一次診療', '著しく歯科診療が困難な者（障害者等）の歯科治療', '摂食機能障害の治療']","['埋伏歯抜歯', '顎関節症治療', '顎変形症治療', '顎骨骨折治療', '口唇、舌若しくは口腔粘膜の炎症、外傷又は腫瘍の治療', '口腔領域の腫瘍の治療', '唇顎口蓋裂治療']",na,na,"['院外処方', '視覚障害者への配慮（施設内点字ブロックの設置）', '聴覚障害者への配慮（施設内の情報の表示）', '車椅子利用者への配慮（施設内のバリアフリー化の実施）', '車椅子対応トイレ', '施設内における全面禁煙の実施', '医療に関する相談窓口設置', '適時及び適温による食事の提供', '病床外での食事可能', '選択可能な入院食の提供']",na,na,na,5|5|0,na,na,8|8|0,261,na,na,2,"[緩和ケア科, 小児循環器科, 産婦人科, 眼科, 放射線腫瘍科, 歯科口腔外科, ]"
2023-09-04,独立行政法人国立病院機構霞ケ浦医療センター,土浦市下高津２－７－１４,茨城県土浦市下高津二丁目7-14,,2020年1月22日,https://www.ibaraki-medinfo.jp/details/BaseInfo/sb/1080000118,独立行政法人,独立行政法人国立病院機構理事長 楠岡英雄,鈴木祥司,['歯科領域の一次診療'],"['埋伏歯抜歯', '顎関節症治療', '顎変形症治療', '顎骨骨折治療', '口唇、舌若しくは口腔粘膜の炎症、外傷又は腫瘍の治療', '口腔領域の腫瘍の治療']",na,na,"['院内処方', '院外処方', '車椅子利用者への配慮（施設内のバリアフリー化の実施）', '車椅子対応トイレ', '施設内における全面禁煙の実施', '医療に関する相談窓口設置', '適時及び適温による食事の提供', '病床外での食事可能', '選択可能な入院食の提供', '院内売店の設置']",na,"['在宅患者訪問診療', '救急搬送診療', '訪問看護指示']","['診療所との連携', '訪問看護ステーションとの連携', '居宅介護支援事業所との連携']",2.8|2|0.8,na,na,1|1|-,194.8,na,na,2,"[内科, 外科, 小児科, 皮膚科, 泌尿器科, 産婦人科, 眼科, 耳鼻咽喉科, リハビリテーション科, 放射線科, 麻酔科, 歯科口腔外科, 神経内科, 整形外科, 形成外科, 呼吸器内科, 心臓血管外科, 消化器内科, 呼吸器外科, 循環器内科, 血液内科, 代謝内科, 腎臓内科, ]"
2023-09-04,総合病院土浦協同病院,土浦市おおつ野四丁目１番１号,茨城県土浦市ｵｵﾂ野四丁目1-1,,2023年3月25日,https://www.ibaraki-medinfo.jp/details/BaseInfo/sb/1080000119,厚生連,茨城県厚生農業協同組合連合会 代表理事理事長 酒井義法,河内 敏行,na,"['埋伏歯抜歯', '顎関節症治療', '顎変形症治療', '顎骨骨折治療', '口唇、舌若しくは口腔粘膜の炎症、外傷又は腫瘍の治療', '唇顎口蓋裂治療']",na,na,"['院外処方', '車椅子利用者への配慮（施設内のバリアフリー化の実施）', '車椅子対応トイレ', '施設内における全面禁煙の実施', '医療に関する相談窓口設置', '適時及び適温による食事の提供', '病床外での食事可能', '選択可能な入院食の提供', '院内売店の設置', '外来者用食堂の設置']",na,"['在宅患者訪問診療', '救急搬送診療', '在宅患者訪問看護・指導', '在宅患者訪問点滴注射管理指導', '在宅患者訪問リハビリテーション指導管理', '訪問看護指示']","['病院との連携', '診療所との連携', '訪問看護ステーションとの連携', '居宅介護支援事業所との連携', '薬局との連携']",2|2|0,na,na,1|1|0,623.3,na,na,2,"[内科, 消化器外科, 小児科, 皮膚科, 泌尿器科, 産婦人科, 眼科, 耳鼻咽喉科, リハビリテーション科, 放射線治療科, ペインクリニック, 歯科口腔外科, 神経内科, 整形外科, 形成外科, 脳神経外科, 循環器内科, 小児外科, 新生児科, 呼吸器内科, 心臓血管外科, 消化器内科, 呼吸器外科, 腎臓内科, 乳腺外科, 血液内科, 代謝内分泌内科, 膠原病内科, ]"
2023-09-04,医療法人美湖会美浦中央病院,稲敷郡美浦村宮地５９６,茨城県稲敷郡美浦村大字宮地596,,2023年3月25日,https://www.ibaraki-medinfo.jp/details/BaseInfo/sb/1080000124,医療法人,医療法人美湖会,理事長岩瀬剛,"['歯科領域の一次診療', '著しく歯科診療が困難な者（障害者等）の歯科治療']","['埋伏歯抜歯', '顎関節症治療', '口唇、舌若しくは口腔粘膜の炎症、外傷又は腫瘍の治療']",na,na,"['院外処方', '車椅子利用者への配慮（施設内のバリアフリー化の実施）', '車椅子対応トイレ', '施設内における全面禁煙の実施', '医療に関する相談窓口設置', '適時及び適温による食事の提供', '病床外での食事可能', '院内売店の設置']",na,"['在宅患者訪問診療', '救急搬送診療', '在宅患者訪問点滴注射管理指導', '訪問看護指示', '介護職員等喀痰吸引等指示']","['病院との連携', '診療所との連携', '訪問看護ステーションとの連携', '居宅介護支援事業所との連携', '薬局との連携']",1|1|-,na,na,1|1|-,57.2,na,na,2,"[一般内科, 外科, 皮膚科, 泌尿器科, 眼科, 耳鼻咽喉科, リハビリテーション科, 麻酔科, 歯科, 神経内科, 整形外科, 循環器科, 呼吸器内科, 代謝内科, ]"
2023-09-04,東京医科大学茨城医療センター,稲敷郡阿見町中央３－２０－１,茨城県稲敷郡阿見町中央三丁目20-1,,2023年3月25日,https://www.ibaraki-medinfo.jp/details/BaseInfo/sb/1080000125,私立学校法人,学校法人 東京医科大学,福井 次矢,"['歯科領域の一次診療', '顎変形症の歯科矯正治療', '著しく歯科診療が困難な者（障害者等）の歯科治療', '摂食機能障害の治療']","['埋伏歯抜歯', '顎関節症治療', '顎変形症治療', '顎骨骨折治療', '口唇、舌若しくは口腔粘膜の炎症、外傷又は腫瘍の治療', '唇顎口蓋裂治療']",na,na,"['院外処方', '聴覚障害者への配慮（施設内の情報の表示）', '車椅子利用者への配慮（施設内のバリアフリー化の実施）', '車椅子対応トイレ', '施設内における全面禁煙の実施', '医療に関する相談窓口設置', '適時及び適温による食事の提供', '病床外での食事可能', '選択可能な入院食の提供', '院内売店の設置', '外来者用食堂の設置']",na,"['退院時共同指導', '在宅患者訪問診療', '救急搬送診療', '在宅患者訪問看護・指導', '在宅患者訪問点滴注射管理指導', '在宅患者訪問リハビリテーション指導管理', '訪問看護指示']","['病院との連携', '診療所との連携', '訪問看護ステーションとの連携', '居宅介護支援事業所との連携', '薬局との連携']",4.2|4|0.2,na,na,3|3|0,322.6,na,na,2,"[内科, 外科, 精神科, 小児科, 皮膚科, 泌尿器科, 産婦人科, 眼科, 耳鼻咽喉科, 歯科口腔外科, 呼吸器外科, 神経内科, 整形外科, 形成外科, 脳神経外科, 循環器内科, ]"
2023-09-04,茨城県立医療大学付属病院,稲敷郡阿見町阿見４７３３,茨城県稲敷郡阿見町大字阿見4733,,2023年3月13日,https://www.ibaraki-medinfo.jp/details/BaseInfo/sb/1080000129,県,茨城県知事 大井川和彦,中島 光太郎,"['歯科領域の一次診療', '著しく歯科診療が困難な者（障害者等）の歯科治療']",na,na,na,"['院内処方', '院外処方', '視覚障害者への配慮（点字による表示）', '車椅子利用者への配慮（施設内のバリアフリー化の実施）', '車椅子対応トイレ', '施設内における全面禁煙の実施', '医療に関する相談窓口設置', '適時及び適温による食事の提供', '病床外での食事可能', '選択可能な入院食の提供', '院内売店の設置']",na,"['在宅患者訪問リハビリテーション指導管理', '訪問看護指示']","['病院との連携', '診療所との連携', '訪問看護ステーションとの連携', '居宅介護支援事業所との連携', '薬局との連携']",0.1|-|0.1,na,na,na,90.9,na,na,2,"[内科, 精神科, 小児科, 皮膚科, 泌尿器科, 眼科, 耳鼻咽喉科, リハビリテーション科, 麻酔科, 歯科, 神経内科, 整形外科, ]"
2023-09-04,山王台病院,石岡市東石岡４－１－３８,茨城県石岡市東石岡四丁目1-38,,2022年3月14日,https://www.ibaraki-medinfo.jp/details/BaseInfo/sb/1080000131,医療法人,医療法人幕内会,幕内幹男,"['歯科領域の一次診療', '摂食機能障害の治療']","['埋伏歯抜歯', '顎関節症治療', '顎骨骨折治療', '口唇、舌若しくは口腔粘膜の炎症、外傷又は腫瘍の治療']",na,na,"['院内処方', '院外処方', '視覚障害者への配慮（施設内点字ブロックの設置）', '視覚障害者への配慮（点字による表示）', '車椅子利用者への配慮（施設内のバリアフリー化の実施）', '車椅子対応トイレ', '施設内における全面禁煙の実施', '医療に関する相談窓口設置', '適時及び適温による食事の提供', '病床外での食事可能']",na,"['在宅患者訪問看護・指導', '訪問看護指示']","['病院との連携', '診療所との連携', '訪問看護ステーションとの連携', '居宅介護支援事業所との連携']",2.6|2|0.6,na,na,4|4|0,50.4,na,na,2,"[内科, 外科, リウマチ膠原病内科, 皮膚科, 泌尿器科, 眼科, リハビリテーション科, 歯科, 口腔外科, 呼吸器科, 消化器科, 循環器科, こう門科, 気管食道科, 脳神経内科, 整形外科, 脳神経外科, 腎臓内科, 乳腺外科, ]"
2023-09-04,豊後荘病院,石岡市部原７６０－１,茨城県石岡市部原760-1,,2023年6月14日,https://www.ibaraki-medinfo.jp/details/BaseInfo/sb/1080000136,医療法人,医療法人新生会,森博昭,"['歯科領域の一次診療', '著しく歯科診療が困難な者（障害者等）の歯科治療', '摂食機能障害の治療']",na,na,na,"['院内処方', '院外処方', '車椅子利用者への配慮（施設内のバリアフリー化の実施）', '車椅子対応トイレ', '施設内における全面禁煙の実施', '医療に関する相談窓口設置', '適時及び適温による食事の提供', '院内売店の設置']",na,na,"['病院との連携', '診療所との連携', '訪問看護ステーションとの連携', '居宅介護支援事業所との連携', '薬局との連携']",2|2|-,na,na,3.4|3|0.4,na,na,na,2,"[内科, 精神科, アレルギー科, リハビリ科, 歯科, 認知症外来, アルコール外来, ]"
2023-09-04,公益社団法人地域医療振興協会石岡第一病院,石岡市東府中１－７,茨城県石岡市東府中1-7,,2023年4月12日,https://www.ibaraki-medinfo.jp/details/BaseInfo/sb/1080000138,公益法人,公益社団法人地域医療振興協会,舘 泰雄,"['歯科領域の一次診療', '摂食機能障害の治療']","['埋伏歯抜歯', '顎関節症治療', '顎変形症治療', '顎骨骨折治療', '口唇、舌若しくは口腔粘膜の炎症、外傷又は腫瘍の治療']",na,na,"['院外処方', '視覚障害者への配慮（施設内点字ブロックの設置）', '聴覚障害者への配慮（手話による対応）', '車椅子利用者への配慮（施設内のバリアフリー化の実施）', '車椅子対応トイレ', '施設内における全面禁煙の実施', '医療に関する相談窓口設置', '適時及び適温による食事の提供', '病床外での食事可能', '選択可能な入院食の提供', '院内売店の設置']",na,"['往診（終日往診可能以外）', '在宅患者訪問診療', '在宅時医学総合管理（オンライン在宅管理に係るものに限る）', '在宅がん医療総合診療', '救急搬送診療', '在宅患者訪問看護・指導', '在宅患者訪問点滴注射管理指導', '在宅患者訪問リハビリテーション指導管理', '訪問看護指示', '在宅患者訪問薬剤管理指導', '在宅患者訪問栄養食事指導']","['病院との連携', '診療所との連携', '訪問看護ステーションとの連携', '居宅介護支援事業所との連携', '薬局との連携']",4|4|0,na,na,3|3|0,78.3,na,na,2,"[内科, 外科, 小児科, 耳鼻咽喉科, 歯科口腔外科, 整形外科, 形成外科, ]"
2023-09-04,社会医療法人 達生堂 城西病院,結城市結城１０７４５－２４,茨城県結城市大字結城10745-24,,2023年2月24日,https://www.ibaraki-medinfo.jp/details/BaseInfo/sb/1080000145,医療法人,社会医療法人 達生堂 理事長 白石裕比湖,白石裕比湖,['歯科領域の一次診療'],na,na,na,"['院内処方', '院外処方', '聴覚障害者への配慮（施設内の情報の表示）', '車椅子利用者への配慮（施設内のバリアフリー化の実施）', '車椅子対応トイレ', '施設内における全面禁煙の実施', '医療に関する相談窓口設置', '適時及び適温による食事の提供', '外来者用食堂の設置']",na,na,"['病院との連携', '診療所との連携', '居宅介護支援事業所との連携']",2|2|0,na,na,2|2|0,83,na,na,2,"[内科, 外科, 小児科, 皮膚科, 泌尿器科, 婦人科, 眼科, 耳鼻咽喉科, リハビリテーション, ペインクリニック整形外科, 歯科、歯科口腔外科, 整形外科, 脳神経外科, ]"
2023-09-04,社会医療法人恒貴会協和中央病院,筑西市門井１６７６番地１,茨城県筑西市門井1676-1,,2023年4月12日,https://www.ibaraki-medinfo.jp/details/BaseInfo/sb/1080000147,医療法人,社会医療法人恒貴会,院長黒川德一,"['歯科領域の一次診療', '著しく歯科診療が困難な者（障害者等）の歯科治療', '摂食機能障害の治療']","['埋伏歯抜歯', '顎関節症治療', '顎変形症治療', '顎骨骨折治療', '口唇、舌若しくは口腔粘膜の炎症、外傷又は腫瘍の治療', '口腔領域の腫瘍の治療']",na,na,"['院外処方', '車椅子利用者への配慮（施設内のバリアフリー化の実施）', '車椅子対応トイレ', '施設内における全面禁煙の実施', '医療に関する相談窓口設置', '適時及び適温による食事の提供', '病床外での食事可能', '選択可能な入院食の提供', '院内売店の設置']",na,"['在宅患者訪問リハビリテーション指導管理', '訪問看護指示']","['病院との連携', '診療所との連携', '訪問看護ステーションとの連携', '居宅介護支援事業所との連携', '薬局との連携']",3.8|3|0.8,na,na,8|8|0,138.8,na,na,2,"[, 内科, 外科, 小児科, 皮膚科, 泌尿器科, 歯科, 歯科口腔外科, 整形外科, 脳神経外科, ]"
2023-09-04,ホスピタル坂東,坂東市沓掛４１１,茨城県坂東市沓掛411,,2023年3月25日,https://www.ibaraki-medinfo.jp/details/BaseInfo/sb/1080000160,医療法人,医療法人 清風会,吉田 正,"['歯科領域の一次診療', '著しく歯科診療が困難な者（障害者等）の歯科治療']","['埋伏歯抜歯', '顎関節症治療', '顎骨骨折治療', '口唇、舌若しくは口腔粘膜の炎症、外傷又は腫瘍の治療']",na,na,"['院内処方', '院外処方', '視覚障害者への配慮（施設内点字ブロックの設置）', '聴覚障害者への配慮（施設内の情報の表示）', '車椅子利用者への配慮（施設内のバリアフリー化の実施）', '車椅子対応トイレ', '施設内における全面禁煙の実施', '医療に関する相談窓口設置', '適時及び適温による食事の提供', '院内売店の設置']",na,na,"['訪問看護ステーションとの連携', '居宅介護支援事業所との連携']",1.3|1|0.3,na,na,2|2|-,41.5,na,na,2,"[内科, 外科, 精神科, 皮膚科, リハビリテーション科, 歯科口腔外科, 神経内科, 整形外科, 脳神経外科, 循環器内科, 消化器外科, 消化器内科, 呼吸器内科, ]"
2023-09-04,医療法人徳洲会 古河総合病院,古河市鴻巣１５５５,茨城県古河市鴻巣1555,,2023年5月23日,https://www.ibaraki-medinfo.jp/details/BaseInfo/sb/1080000168,医療法人,医療法人徳洲会,福江眞隆,na,"['埋伏歯抜歯', '顎関節症治療', '顎変形症治療', '顎骨骨折治療', '口唇、舌若しくは口腔粘膜の炎症、外傷又は腫瘍の治療', '唇顎口蓋裂治療']",na,na,"['院内処方', '院外処方', '視覚障害者への配慮（施設内点字ブロックの設置）', '視覚障害者への配慮（点字による表示）', '聴覚障害者への配慮（施設内の情報の表示）', '車椅子利用者への配慮（施設内のバリアフリー化の実施）', '車椅子対応トイレ', '施設内における全面禁煙の実施', '医療に関する相談窓口設置', '適時及び適温による食事の提供', '病床外での食事可能', '選択可能な入院食の提供', '院内売店の設置']",na,"['在宅患者訪問診療', '救急搬送診療', '在宅患者訪問看護・指導', '在宅患者訪問点滴注射管理指導', '在宅患者訪問リハビリテーション指導管理', '訪問看護指示', '介護職員等喀痰吸引等指示']","['病院との連携', '診療所との連携', '訪問看護ステーションとの連携', '居宅介護支援事業所との連携', '薬局との連携']",2.6|2|0.6,na,na,4|4|0,148,na,na,2,"[内科, 外科, 小児科, 皮膚科, 泌尿器科, 婦人科, 眼科, リハビリテーション科, 放射線科, 歯科口腔外科, 消化器科, 循環器科, 整形外科, 形成外科, 脳神経外科, ]"
2023-09-04,筑波大学附属病院,つくば市天久保２－１－１,茨城県ﾂｸﾊﾞ市天久保二丁目1-1,,2023年6月14日,https://www.ibaraki-medinfo.jp/details/BaseInfo/sb/1080000170,国立大学法人,国立大学法人筑波大学,原 晃,"['歯科領域の一次診療', '著しく歯科診療が困難な者（障害者等）の歯科治療', '摂食機能障害の治療']","['埋伏歯抜歯', '顎関節症治療', '顎変形症治療', '顎骨骨折治療', '口唇、舌若しくは口腔粘膜の炎症、外傷又は腫瘍の治療', '口腔領域の腫瘍の治療', '唇顎口蓋裂治療']",na,na,"['院内処方', '院外処方', '視覚障害者への配慮（音声による情報の伝達）', '聴覚障害者への配慮（施設内の情報の表示）', '車椅子利用者への配慮（施設内のバリアフリー化の実施）', '車椅子対応トイレ', '施設内における全面禁煙の実施', '医療に関する相談窓口設置', '適時及び適温による食事の提供', '病床外での食事可能', '選択可能な入院食の提供', '院内売店の設置', '外来者用食堂の設置']",na,"['退院時共同指導', '訪問看護指示', '介護職員等喀痰吸引等指示']","['病院との連携', '診療所との連携', '訪問看護ステーションとの連携', '居宅介護支援事業所との連携', '薬局との連携']",14.1|14|0.1,na,na,3|3|0,649.6,na,na,2,"[内分泌代謝・糖尿病内科, 乳腺・甲状腺・内分泌外科, 精神神経科, 膠原病リウマチアレルギー内科, 小児内科, 皮膚科, 腎臓内科, 産科, 婦人科, 眼科, 耳鼻咽喉科, リハビリテーション科, 放射線診断・IVR科, 放射線腫瘍科, 病理診断科, 救急・集中治療科, 麻酔科, 歯科・口腔外科, 呼吸器内科, 消化器内科, 循環器内科, 神経内科, 整形外科, 形成外科, 脳神経外科, 血液内科, 小児外科, 泌尿器科, 呼吸器外科, 消化器外科, 心臓血管外科, 脳卒中科, メンタルヘルス科, 感染症科, 総合診療科, 遺伝診療科, 睡眠呼吸障害科, 腫瘍内科, ]"
2023-09-04,一般財団法人筑波麓仁会筑波学園病院,つくば市上横場２５７３－１,茨城県ﾂｸﾊﾞ市上横場2573-1,,2023年2月27日,https://www.ibaraki-medinfo.jp/details/BaseInfo/sb/1080000171,公益法人,一般財団法人筑波麓仁会,原田  繁,"['歯科領域の一次診療', '著しく歯科診療が困難な者（障害者等）の歯科治療', '摂食機能障害の治療']","['埋伏歯抜歯', '顎関節症治療', '顎骨骨折治療', '口唇、舌若しくは口腔粘膜の炎症、外傷又は腫瘍の治療', '口腔領域の腫瘍の治療', '唇顎口蓋裂治療']",na,na,"['院外処方', '視覚障害者への配慮（点字による表示）', '聴覚障害者への配慮（施設内の情報の表示）', '車椅子利用者への配慮（施設内のバリアフリー化の実施）', '車椅子対応トイレ', '施設内における全面禁煙の実施', '医療に関する相談窓口設置', '適時及び適温による食事の提供', '病床外での食事可能', '選択可能な入院食の提供', '院内売店の設置', '外来者用食堂の設置']",na,na,"['病院との連携', '診療所との連携', '訪問看護ステーションとの連携', '居宅介護支援事業所との連携', '薬局との連携']",2.4|2|0.4,na,na,4.7|4|0.7,176,na,na,2,"[麻酔科, 内科, 外科, 精神科, リウマチ膠原病内科, 小児科, 皮膚科, 泌尿器科, 産科, 婦人科, 眼科, 耳鼻咽喉科, リハビリテーション科, ペインクリニック内科, 歯科口腔外科, 心療内科, 呼吸器科, 消化器科, 循環器科, 肛門科, 神経内科, 整形外科, 形成外科, 脳神経外科, 放射線科, 代謝内科, 心臓血管外科, 婦人科（不妊治療）, 消化器外科, 腎臓内科, 乳腺内分泌外科, 救急科, 血液内科, ]"
2023-09-04,医療法人健佑会いちはら病院,つくば市大曽根３６８１,茨城県ﾂｸﾊﾞ市大曽根3681,,2023年3月17日,https://www.ibaraki-medinfo.jp/details/BaseInfo/sb/1080000180,医療法人,医療法人健佑会,院長 池田 耕太郎,['歯科領域の一次診療'],na,na,na,"['院内処方', '院外処方', '車椅子利用者への配慮（施設内のバリアフリー化の実施）', '車椅子対応トイレ', '施設内における全面禁煙の実施', '医療に関する相談窓口設置', '適時及び適温による食事の提供', '病床外での食事可能', '院内売店の設置', '外来者用食堂の設置']",na,"['退院時共同指導', '在宅患者訪問看護・指導', '在宅患者訪問リハビリテーション指導管理']","['病院との連携', '診療所との連携', '訪問看護ステーションとの連携', '居宅介護支援事業所との連携', '薬局との連携']",2|2|0,na,na,3|3|0,70,na,na,2,"[内科, 外科・消化器外科, 皮膚科, 眼科, リハビリテーション科, 麻酔科, 歯科, 神経内科, 整形外科, 形成外科, 脳神経外科, 代謝・内分泌内科, 循環器内科, リウマチ内科, ]"
2023-09-04,株式会社日立製作所ひたちなか総合病院,ひたちなか市石川町２０番１,茨城県ﾋﾀﾁﾅｶ市石川町20-1,,2023年3月23日,https://www.ibaraki-medinfo.jp/details/BaseInfo/sb/1080000184,会社,株式会社日立製作所,吉井 慎一,['歯科領域の一次診療'],"['埋伏歯抜歯', '顎関節症治療', '顎骨骨折治療', '口唇、舌若しくは口腔粘膜の炎症、外傷又は腫瘍の治療']",na,na,"['院外処方', '視覚障害者への配慮（施設内点字ブロックの設置）', '視覚障害者への配慮（点字による表示）', '聴覚障害者への配慮（手話による対応）', '聴覚障害者への配慮（施設内の情報の表示）', '車椅子利用者への配慮（施設内のバリアフリー化の実施）', '車椅子対応トイレ', '施設内における全面禁煙の実施', '医療に関する相談窓口設置', '適時及び適温による食事の提供', '病床外での食事可能', '選択可能な入院食の提供', '院内売店の設置']",na,"['往診（終日往診可能以外）', '退院時共同指導', '在宅患者訪問診療', '在宅患者訪問点滴注射管理指導', '訪問看護指示', '介護職員等喀痰吸引等指示']","['診療所との連携', '訪問看護ステーションとの連携', '居宅介護支援事業所との連携', '薬局との連携']",2|2|0,na,na,2.5|2|0.5,253,na,na,2,"[児童精神科, 内科, 外科, 精神科, リウマチ科, 小児科, 皮膚科, 泌尿器科, 婦人科, 眼科, 耳鼻咽喉科, リハビリテーション科, 放射線科, 放射線治療科, 病理診断科, 臨床検査科, 麻酔科, 歯科口腔外科, 呼吸器内科, 消化器内科, 循環器内科, 神経内科, 整形外科, 形成外科, 脳神経外科, 腫瘍内科, 血液内科, 心臓血管外科, 呼吸器外科, 消化器外科, 代謝内科, 腎臓内科, 乳腺外科, 内分泌内科, 糖尿病内科, 心療内科, 感染症内科, 老年内科, 救急科, アレルギー科, ]"
2023-09-04,独立行政法人国立病院機構茨城東病院,那珂郡東海村照沼８２５,茨城県那珂郡東海村大字照沼825,,2021年1月06日,https://www.ibaraki-medinfo.jp/details/BaseInfo/sb/1080000187,独立行政法人,独立行政法人国立病院機構,齋藤武文,"['歯科領域の一次診療', '著しく歯科診療が困難な者（障害者等）の歯科治療', '摂食機能障害の治療']",['口唇、舌若しくは口腔粘膜の炎症、外傷又は腫瘍の治療'],na,na,"['院内処方', '院外処方', '視覚障害者への配慮（施設内点字ブロックの設置）', '車椅子利用者への配慮（施設内のバリアフリー化の実施）', '車椅子対応トイレ', '施設内における全面禁煙の実施', '医療に関する相談窓口設置', '適時及び適温による食事の提供', '病床外での食事可能', '選択可能な入院食の提供', '院内売店の設置', '外来者用食堂の設置']",na,na,"['病院との連携', '診療所との連携', '訪問看護ステーションとの連携', '居宅介護支援事業所との連携', '薬局との連携']",1|1|-,na,na,0.8|-|0.8,276.2,na,na,2,"[内科, 外科, 小児科, リハビリテーション科, 放射線科, 麻酔科, 歯科, 呼吸器科, 消化器科, 循環器科, 呼吸器外科, 心臓血管外科, ]"
2023-09-04,特別養護老人ホームアクティブハートさかど,水戸市酒門町西割４３９０,茨城県水戸市酒門町西割4390,,2021年1月05日,https://www.ibaraki-medinfo.jp/details/BaseInfo/sb/2080000156,社会福祉法人,社会福祉法人豊心の会,矢島章子,na,na,na,na,"['院外処方', '車椅子利用者への配慮（施設内のバリアフリー化の実施）', '車椅子対応トイレ', '喫煙室の設置']",na,na,na,na,na,na,na,na,na,na,2,"[内科, 歯科, ]"
2023-09-04,水戸市休日夜間緊急診療所,水戸市笠原町９９３－１３,茨城県水戸市笠原町993-13,,2023年3月15日,https://www.ibaraki-medinfo.jp/details/BaseInfo/sb/2080000214,市町村,水戸市,小関 廣明,['歯科領域の一次診療'],na,na,na,"['院内処方', '車椅子利用者への配慮（施設内のバリアフリー化の実施）', '車椅子対応トイレ', '施設内における全面禁煙の実施']",na,na,na,0.2|-|0.2,na,na,0.2|-|0.2,na,na,na,3,"[内科, 外科, 小児科, 歯科, ]"
2023-09-04,航空自衛隊百里基地医務室,小美玉市百里１７０,茨城県小美玉市百里170,,2023年3月30日,https://www.ibaraki-medinfo.jp/details/BaseInfo/sb/2080000299,国,防衛省,加地 琢人,['歯科領域の一次診療'],['埋伏歯抜歯'],na,na,"['院内処方', '車椅子利用者への配慮（施設内のバリアフリー化の実施）', '車椅子対応トイレ', '施設内における全面禁煙の実施']",na,na,na,1.1|1|0.1,na,na,1|1|-,na,na,na,3,"[内科, 歯科, ]"
2023-09-04,厚生労働省第二共済組合水戸医療センター所属所診療部,東茨城郡茨城町桜の郷２８０番地,茨城県東茨城郡茨城町桜ﾉ郷280,,2023年3月10日,https://www.ibaraki-medinfo.jp/details/BaseInfo/sb/2080000327,その他の法人,厚生労働省第二共済組合水戸医療センター所属所診療部,米野 琢哉,na,na,na,na,"['院内処方', '車椅子利用者への配慮（施設内のバリアフリー化の実施）', '車椅子対応トイレ', '施設内における全面禁煙の実施', '喫煙室の設置']",na,na,na,1|1|-,na,na,na,na,na,na,3,"[内科, 外科, 歯科, ]"
2023-09-04,大洗研究所健康管理室,東茨城郡大洗町成田町４００２,茨城県東茨城郡大洗町成田町4002,,2023年3月30日,https://www.ibaraki-medinfo.jp/details/BaseInfo/sb/2080000331,その他の法人,日本原子力研究開発機構大洗研究所,吉尾 雅博,na,na,na,na,na,na,na,na,na,na,na,na,na,na,na,3,"[内科, 外科, 歯科, ]"
2023-09-04,城里町国民健康保険七会診療所,東茨城郡城里町小勝１４００,茨城県東茨城郡城里町大字小勝1400,,2023年3月30日,https://www.ibaraki-medinfo.jp/details/BaseInfo/sb/2080000343,市町村,城里町,上井雅哉,na,na,na,na,"['院内処方', '院外処方', '車椅子利用者への配慮（施設内のバリアフリー化の実施）', '車椅子対応トイレ', '施設内における全面禁煙の実施']",na,"['往診（終日往診可能以外）', '在宅患者訪問診療', '在宅患者訪問看護・指導', '在宅患者訪問点滴注射管理指導', '訪問看護指示', '在宅患者訪問薬剤管理指導']","['病院との連携', '診療所との連携', '訪問看護ステーションとの連携', '居宅介護支援事業所との連携', '薬局との連携']",1|1|-,na,na,2|2|-,na,na,na,3,"[内科, 外科, 小児科, 皮膚科, 泌尿器科, 耳鼻いんこう科, 放射線科, 歯科, 整形外科, ]"
2023-09-04,特別養護老人ホーム ひばりヶ丘,那珂市菅谷５２８,茨城県那珂市菅谷528,,2023年3月13日,https://www.ibaraki-medinfo.jp/details/BaseInfo/sb/2080000386,社会福祉法人,社会福祉法人青燈会 理事長 小豆畑いずみ,小豆畑いずみ,na,na,na,na,na,na,na,na,0.1|-|0.1,na,na,na,na,na,na,3,"[内科, 歯科, ]"
2023-09-04,常陸大宮市国民健康保険美和診療所,常陸大宮市高部５２８１－１,茨城県常陸大宮市高部5281-1,,2023年3月23日,https://www.ibaraki-medinfo.jp/details/BaseInfo/sb/2080000416,市町村,常陸大宮市長 鈴木 定幸,市毛 博之,"['歯科領域の一次診療', '著しく歯科診療が困難な者（障害者等）の歯科治療', '摂食機能障害の治療']","['顎関節症治療', '口唇、舌若しくは口腔粘膜の炎症、外傷又は腫瘍の治療']",na,na,"['院外処方', '視覚障害者への配慮（施設内点字ブロックの設置）', '車椅子利用者への配慮（施設内のバリアフリー化の実施）', '車椅子対応トイレ', '施設内における全面禁煙の実施']",na,"['往診（終日往診可能以外）', '退院時共同指導', '在宅患者訪問診療', '在宅時医学総合管理（オンライン在宅管理に係るものに限る）', '在宅がん医療総合診療', '在宅患者訪問看護・指導', '在宅患者訪問点滴注射管理指導', '訪問看護指示', '歯科訪問診療', '訪問歯科衛生指導', '歯科疾患在宅療養管理']","['病院との連携', '診療所との連携', '訪問看護ステーションとの連携', '居宅介護支援事業所との連携', '薬局との連携']",1|1|-,na,na,1|1|-,na,na,na,3,"[内科, 小児科, 歯科, ]"
2023-09-04,特別養護老人ホームＭＡＯ（医務室）,日立市下土木内町５４５－１,茨城県日立市下土木内町545-1,,2023年4月13日,https://www.ibaraki-medinfo.jp/details/BaseInfo/sb/2080000519,社会福祉法人,社会福祉法人春陽会,大内 宏美,['歯科領域の一次診療'],na,na,na,"['院外処方', '車椅子利用者への配慮（施設内のバリアフリー化の実施）', '車椅子対応トイレ', '施設内における全面禁煙の実施']",na,na,na,0.1|-|0.1,na,na,na,na,na,na,3,"[内科, 精神科, 歯科, ]"
2023-09-04,鹿島診療所,鹿嶋市光３,茨城県鹿嶋市大字光3,,2023年3月28日,https://www.ibaraki-medinfo.jp/details/BaseInfo/sb/2080000619,会社,日本製鉄株式会社 東日本製鉄所 副所長 鹿島地区代表 若松 賢太郎,守田 祐作,['歯科領域の一次診療'],"['埋伏歯抜歯', '顎関節症治療']",na,na,"['院内処方', '車椅子利用者への配慮（施設内のバリアフリー化の実施）', '車椅子対応トイレ', '施設内における全面禁煙の実施']",na,na,na,1|1|-,na,na,2|2|-,na,na,na,3,"[内科, 歯科, ]"
2023-09-04,医療法人社団清和会いしかわクリニック,龍ケ崎市大徳町５３５３－１,茨城県龍ヶ崎市大徳町5353-1,,2023年3月13日,https://www.ibaraki-medinfo.jp/details/BaseInfo/sb/2080000722,医療法人,医療法人社団清和会,石川貴久,"['歯科領域の一次診療', '成人の歯科矯正治療', '顎変形症の歯科矯正治療', '著しく歯科診療が困難な者（障害者等）の歯科治療', '摂食機能障害の治療']","['埋伏歯抜歯', '顎関節症治療', '口唇、舌若しくは口腔粘膜の炎症、外傷又は腫瘍の治療']",na,na,"['院内処方', '院外処方', '車椅子利用者への配慮（施設内のバリアフリー化の実施）', '施設内における全面禁煙の実施']",na,"['往診（終日往診可能以外）', '在宅患者訪問診療', '在宅患者訪問看護・指導', '在宅患者訪問点滴注射管理指導', '訪問看護指示', '歯科訪問診療', '訪問歯科衛生指導']","['病院との連携', '訪問看護ステーションとの連携', '居宅介護支援事業所との連携', '薬局との連携']",2.5|2|0.5,na,na,3|2|1,na,na,na,3,"[内科, 歯科, ]"
2023-09-04,早尾台医院,北相馬郡利根町早尾２００－３２,茨城県北相馬郡利根町大字早尾200-32,,2014年4月11日,https://www.ibaraki-medinfo.jp/details/BaseInfo/sb/2080000917,個人,李景子,李景子,na,na,na,na,na,na,na,na,-|1|-,na,na,na,na,na,na,3,"[内科, 歯科, ]"
2023-09-04,株式会社日立製作所  土浦診療健診センタ,土浦市神立東二丁目２７番８号,茨城県土浦市神立東二丁目27-8,,2023年4月28日,https://www.ibaraki-medinfo.jp/details/BaseInfo/sb/2080001023,会社,株式会社日立製作所,伊本 夏樹,['歯科領域の一次診療'],"['埋伏歯抜歯', '顎関節症治療']",na,na,"['院内処方', '院外処方', '聴覚障害者への配慮（施設内の情報の表示）', '車椅子利用者への配慮（施設内のバリアフリー化の実施）', '車椅子対応トイレ', '施設内における全面禁煙の実施', '医療に関する相談窓口設置']",na,na,na,1|0|1,na,na,2|2|0,na,na,na,3,"[内科, 乳腺外科, 心療内科・精神科, 小児科, 皮膚科, 泌尿器科, 眼科, 耳鼻いんこう科, 歯科, ]"
2023-09-04,陸上自衛隊霞ケ浦駐屯地医務室,土浦市右籾２４１０,茨城県土浦市右籾2410,,2023年3月16日,https://www.ibaraki-medinfo.jp/details/BaseInfo/sb/2080001036,国,防衛大臣,白坂 典之,['歯科領域の一次診療'],na,na,na,"['院内処方', '施設内における全面禁煙の実施']",na,na,na,1|1|-,na,na,na,na,na,na,3,"[内科, 外科, 歯科, ]"
2023-09-04,滝田内科歯科クリニック,石岡市柿岡１９７４,茨城県石岡市柿岡1974,,2021年1月04日,https://www.ibaraki-medinfo.jp/details/BaseInfo/sb/2080001062,医療法人,医療法人元気会,関園子,"['歯科領域の一次診療', '成人の歯科矯正治療']",na,na,na,"['院内処方', '施設内における全面禁煙の実施']",na,na,na,1.5|1|0.5,na,na,1.2|1|0.2,na,na,na,3,"[内科, 歯科, ]"
2023-09-04,一般財団法人競馬共助会 みほクリニック,稲敷郡美浦村美駒２５００－２,茨城県稲敷郡美浦村大字美駒2500-2,,2023年3月22日,https://www.ibaraki-medinfo.jp/details/BaseInfo/sb/2080001109,その他の法人,一般財団法人競馬共助会,日置繁,"['歯科領域の一次診療', '著しく歯科診療が困難な者（障害者等）の歯科治療']","['埋伏歯抜歯', '顎関節症治療', '口唇、舌若しくは口腔粘膜の炎症、外傷又は腫瘍の治療']",na,na,"['院内処方', '院外処方', '視覚障害者への配慮（施設内点字ブロックの設置）', '車椅子利用者への配慮（施設内のバリアフリー化の実施）', '車椅子対応トイレ', '施設内における全面禁煙の実施']",na,na,na,2|2|-,na,na,4|4|-,na,na,na,3,"[内科, 歯科, 心療内科, 整形外科, ]"
2023-09-04,江島記念歯科口腔外科クリニック,稲敷郡阿見町阿見３０３７－１,茨城県稲敷郡阿見町大字阿見3037-1,,2023年3月20日,https://www.ibaraki-medinfo.jp/details/BaseInfo/sb/2080001115,医療法人,医療法人社団仁誠会,高森 基史,"['歯科領域の一次診療', '著しく歯科診療が困難な者（障害者等）の歯科治療']","['埋伏歯抜歯', '顎関節症治療', '顎変形症治療']",na,na,"['院内処方', '院外処方', '車椅子利用者への配慮（施設内のバリアフリー化の実施）', '車椅子対応トイレ', '施設内における全面禁煙の実施']",na,na,na,1|1|-,na,na,3|3|-,22.7,na,na,3,"[歯科, 小児歯科, 歯科口腔外科, ]"
2023-09-04,陸上自衛隊土浦駐屯地医務室,稲敷郡阿見町青宿１２１－１,茨城県稲敷郡阿見町大字青宿121-1,,2023年3月20日,https://www.ibaraki-medinfo.jp/details/BaseInfo/sb/2080001132,国,防衛省,川口 詩織,na,na,na,na,['院内処方'],na,na,na,1|1|-,na,na,1|1|-,na,na,na,3,"[内科, 外科, 歯科, ]"
2023-09-04,原田医院歯科内科,筑西市村田１６０５,茨城県筑西市村田1605,,2021年1月12日,https://www.ibaraki-medinfo.jp/details/BaseInfo/sb/2080001231,個人,原田和弥,原田和弥,"['歯科領域の一次診療', '著しく歯科診療が困難な者（障害者等）の歯科治療']",['埋伏歯抜歯'],na,na,"['院内処方', '車椅子利用者への配慮（施設内のバリアフリー化の実施）', '施設内における全面禁煙の実施']",na,na,na,1|1|-,na,na,na,na,na,na,3,"[内科, 歯科, ]"
2023-09-04,三菱マテリアル株式会社筑波製作所診療所,常総市古間木１５１１,茨城県常総市古間木1511,,2023年3月14日,https://www.ibaraki-medinfo.jp/details/BaseInfo/sb/2080001313,会社,小野 直樹,松井裕史,['歯科領域の一次診療'],na,na,na,['院内処方'],na,na,na,3|-|3,na,na,1|1|-,na,na,na,3,"[内科, 歯科, ]"
2023-09-04,陸上自衛隊古河駐屯地医務室,古河市上辺見１１９５,茨城県古河市上辺見1195,,2023年3月16日,https://www.ibaraki-medinfo.jp/details/BaseInfo/sb/2080001412,国,防衛大臣,月岡 裕一,['歯科領域の一次診療'],na,na,na,"['院内処方', '施設内における全面禁煙の実施']",na,na,na,1.7|-|1.7,na,na,na,na,na,na,3,"[内科, 外科, 歯科, ]"
2023-09-04,筑波診療所,つくば市観音台２－１－９,茨城県ﾂｸﾊﾞ市観音台二丁目1-9,,2023年3月22日,https://www.ibaraki-medinfo.jp/details/BaseInfo/sb/2080001462,国,農林水産大臣,藤枝 一司,['歯科領域の一次診療'],['顎関節症治療'],na,na,"['院内処方', '車椅子利用者への配慮（施設内のバリアフリー化の実施）', '車椅子対応トイレ', '施設内における全面禁煙の実施', '医療に関する相談窓口設置']",na,na,na,0.1|-|0.1,na,na,0.5|-|0.5,na,na,na,4,"[内科, 歯科, 心療内科, ]"
2023-09-04,医療法人社団健康尚仁会飯村医院,つくば市北条４３２６－２,茨城県ﾂｸﾊﾞ市北条4326-2,,2023年3月22日,https://www.ibaraki-medinfo.jp/details/BaseInfo/sb/2080001475,医療法人,医療法人社団健康尚仁会飯村医院,飯村康夫,"['歯科領域の一次診療', '著しく歯科診療が困難な者（障害者等）の歯科治療', '摂食機能障害の治療']","['埋伏歯抜歯', '顎関節症治療', '口唇、舌若しくは口腔粘膜の炎症、外傷又は腫瘍の治療']",na,na,"['院内処方', '院外処方', '車椅子利用者への配慮（施設内のバリアフリー化の実施）', '施設内における全面禁煙の実施']",na,"['往診（終日対応することができるものに限る）', '在宅患者訪問診療', '在宅時医学総合管理（オンライン在宅管理に係るもの以外）', '施設入居時等医学総合管理', '在宅がん医療総合診療', '在宅患者訪問看護・指導', '同一建物居住者訪問看護・指導', '在宅患者訪問点滴注射管理指導', '訪問看護指示', '在宅患者訪問褥瘡管理指導', '歯科訪問診療', '訪問歯科衛生指導', '歯科疾患在宅療養管理', '在宅患者歯科治療総合医療管理']","['病院との連携', '診療所との連携', '訪問看護ステーションとの連携', '居宅介護支援事業所との連携', '薬局との連携']",1|1|-,na,na,2|-|2,na,na,na,4,"[内科, 小児科, 歯科, 糖尿病内科, ]"
2023-09-04,ほりかわクリニック,つくば市筑穂２－１１－１,茨城県ﾂｸﾊﾞ市筑穂二丁目11-1,,2023年3月13日,https://www.ibaraki-medinfo.jp/details/BaseInfo/sb/2080001533,個人,堀川紀子,堀川紀子,"['歯科領域の一次診療', '著しく歯科診療が困難な者（障害者等）の歯科治療']",['口唇、舌若しくは口腔粘膜の炎症、外傷又は腫瘍の治療'],na,na,"['院内処方', '院外処方', '車椅子利用者への配慮（施設内のバリアフリー化の実施）', '施設内における全面禁煙の実施']",na,na,"['病院との連携', '訪問看護ステーションとの連携']",1.1|1|0.1,na,na,2|2|-,na,na,na,4,"[内科, アレルギー科, 小児科, 歯科, 小児歯科, ]"
2023-09-04,株式会社日立製作所 水戸健康管理センタ,ひたちなか市市毛１０７０,茨城県ﾋﾀﾁﾅｶ市大字市毛1070,,2023年3月13日,https://www.ibaraki-medinfo.jp/details/BaseInfo/sb/2080001638,会社,株式会社 日立製作所水戸事業所 事業所長  松浦 厚,稲田 仁美,na,na,na,na,['施設内における全面禁煙の実施'],na,na,na,na,na,na,na,na,na,na,4,"[, , , ]"
2023-09-04,廣橋クリニック,北茨城市大津町２５１９,茨城県北茨城市大津町2519,,2023年4月13日,https://www.ibaraki-medinfo.jp/details/BaseInfo/sb/2080003258,医療法人,医療法人誠之会,廣橋 幽香子,['歯科領域の一次診療'],na,na,na,"['院外処方', '聴覚障害者への配慮（施設内の情報の表示）', '車椅子利用者への配慮（施設内のバリアフリー化の実施）', '車椅子対応トイレ', '施設内における全面禁煙の実施']",na,na,na,1|1|0,na,na,na,na,na,na,4,"[内科, 精神科, 歯科, 心療内科, 整形外科, ]"
2023-09-04,医療法人社団洋光会 協和ガーデンクリニック,北相馬郡利根町下井327番地3,茨城県北相馬郡利根町大字下井327-3,,2020年1月27日,https://www.ibaraki-medinfo.jp/details/BaseInfo/sb/2080003407,医療法人,医療法人社団洋光会 理事長 齋間頼子 ,齋間 洋甫,"['歯科領域の一次診療', '成人の歯科矯正治療']",['埋伏歯抜歯'],na,na,"['院内処方', '車椅子利用者への配慮（施設内のバリアフリー化の実施）', '施設内における全面禁煙の実施']",na,na,"['病院との連携', '診療所との連携']",1|1|-,na,na,-|-|1,na,na,na,4,"[内科, 婦人科, 歯科, 循環器科, ]"
2023-09-04,グリンクリニック,水戸市河和田町1110番地3,茨城県水戸市河和田町1110-3,,2023年3月13日,https://www.ibaraki-medinfo.jp/details/BaseInfo/sb/2080003447,医療法人,医療法人愛菜会,佐々木介,['歯科領域の一次診療'],na,na,na,"['院外処方', '車椅子利用者への配慮（施設内のバリアフリー化の実施）', '車椅子対応トイレ', '施設内における全面禁煙の実施', '医療に関する相談窓口設置']",na,"['往診（終日対応することができるものに限る）', '在宅患者訪問診療', '在宅時医学総合管理（オンライン在宅管理に係るものに限る）', '訪問看護指示', '歯科訪問診療', '在宅患者歯科治療総合医療管理']","['居宅介護支援事業所との連携', '薬局との連携']",1.4|1|0.4,na,na,2.4|2|0.4,na,na,na,4,"[精神科, 歯科, ]"
2023-09-04,水戸インプラントクリニックおおとも歯科,水戸市見川５－１３８－５９,茨城県水戸市見川五丁目138-59,,2023年3月13日,https://www.ibaraki-medinfo.jp/details/BaseInfo/sb/3080000001,医療法人,大友孝信,大友孝信,"['歯科領域の一次診療', '成人の歯科矯正治療']","['埋伏歯抜歯', '口唇、舌若しくは口腔粘膜の炎症、外傷又は腫瘍の治療']",na,na,"['院内処方', '視覚障害者への配慮（音声による情報の伝達）', '聴覚障害者への配慮（施設内の情報の表示）', '施設内における全面禁煙の実施', '医療に関する相談窓口設置']",na,na,na,4|1|3,na,na,6|3|3,18,na,na,4,"[歯科, 歯科口腔外科, ]"
2023-09-04,愛和歯科医院,水戸市笠原町１０２９－２,茨城県水戸市笠原町1029-2,,2023年3月14日,https://www.ibaraki-medinfo.jp/details/BaseInfo/sb/3080000003,個人,李炳昌,李炳昌,['歯科領域の一次診療'],na,na,na,"['院内処方', '車椅子利用者への配慮（施設内のバリアフリー化の実施）', '施設内における全面禁煙の実施']",na,na,"['病院との連携', '診療所との連携']",1|1|-,na,na,2|2|-,24.4,na,na,4,"[一般歯科, 小児歯科, ]"
2023-09-04,アオイ歯科診療所,水戸市赤塚１－１９７０－３,茨城県水戸市赤塚一丁目1970-3,,2023年3月15日,https://www.ibaraki-medinfo.jp/details/BaseInfo/sb/3080000004,個人,岩間俊晶,岩間俊晶,['歯科領域の一次診療'],na,na,na,"['院内処方', '施設内における全面禁煙の実施']",na,na,na,1|1|-,na,na,4|4|-,28,na,na,4,"[歯科, ]"
2023-09-04,青葉歯科クリニック,水戸市大塚町１６６７－５,茨城県水戸市大塚町1667-5,,2023年4月25日,https://www.ibaraki-medinfo.jp/details/BaseInfo/sb/3080000005,個人,金澤利宏,金澤利宏,"['歯科領域の一次診療', '著しく歯科診療が困難な者（障害者等）の歯科治療']","['埋伏歯抜歯', '顎関節症治療']",na,na,"['院内処方', '車椅子利用者への配慮（施設内のバリアフリー化の実施）', '車椅子対応トイレ']",na,na,"['病院との連携', '診療所との連携']",1|1|1,na,na,2|1|3,16.5,na,na,4,"[歯科, ]"
2023-09-04,浅田歯科医院,水戸市河和田１－１５１３－３２,茨城県水戸市河和田一丁目1513-32,,2023年5月18日,https://www.ibaraki-medinfo.jp/details/BaseInfo/sb/3080000008,個人,浅田正裕,浅田正裕,['歯科領域の一次診療'],na,na,na,"['院内処方', '施設内における全面禁煙の実施']",na,na,na,1|1|-,na,na,2|2|-,10,na,na,4,"[歯科, ]"
2023-09-04,医療法人Ｚ－ＯＮＥ浅野歯科医院,水戸市柳町２－２－２０,茨城県水戸市柳町二丁目2-20,,2023年3月13日,https://www.ibaraki-medinfo.jp/details/BaseInfo/sb/3080000009,個人,浅野善一,医療法人Ｚ－ＯＮＥ,['歯科領域の一次診療'],na,na,na,"['院内処方', '車椅子利用者への配慮（施設内のバリアフリー化の実施）', '施設内における全面禁煙の実施']",na,na,na,1|1|-,na,na,4|4|-,38,na,na,4,"[歯科, ]"
2023-09-04,安藤歯科医院,水戸市けやき台１－２３－１５,茨城県水戸市ｹﾔｷ台一丁目23-15,,2023年3月13日,https://www.ibaraki-medinfo.jp/details/BaseInfo/sb/3080000011,個人,安藤智也,安藤智也,"['歯科領域の一次診療', '成人の歯科矯正治療']","['埋伏歯抜歯', '顎関節症治療']",na,na,"['院内処方', '施設内における全面禁煙の実施']",na,na,"['病院との連携', '薬局との連携']",1|1|-,na,na,3|3|-,20,na,na,4,"[歯科, ]"
2023-09-04,いいじま矯正歯科,水戸市宮町３－３－３８,茨城県水戸市宮町三丁目3-38,,2023年3月13日,https://www.ibaraki-medinfo.jp/details/BaseInfo/sb/3080000012,個人,飯島重樹,飯島重樹,"['成人の歯科矯正治療', '唇顎口蓋裂の歯科矯正治療', '顎変形症の歯科矯正治療']",['顎関節症治療'],na,na,"['院外処方', '施設内における全面禁煙の実施']",na,na,na,3|3|-,na,na,4.5|4|0.5,22.5,na,na,4,"[矯正歯科, ]"
2023-09-04,飯野歯科医院,水戸市金町３－１－２５,茨城県水戸市金町三丁目1-25,,2023年3月16日,https://www.ibaraki-medinfo.jp/details/BaseInfo/sb/3080000013,個人,飯野守康,飯野守康,"['歯科領域の一次診療', '著しく歯科診療が困難な者（障害者等）の歯科治療']","['埋伏歯抜歯', '顎関節症治療', '口唇、舌若しくは口腔粘膜の炎症、外傷又は腫瘍の治療']",na,na,"['院内処方', '施設内における全面禁煙の実施', '医療に関する相談窓口設置']",na,"['歯科訪問診療', '訪問歯科衛生指導']","['病院との連携', '診療所との連携']",1|1|-,na,na,1|1|-,23.8,na,na,4,"[歯科, 小児歯科, 歯科口腔外科, ]"
2023-09-04,石川歯科医院,水戸市千波町１８７２－２,茨城県水戸市千波町1872-2,,2022年3月07日,https://www.ibaraki-medinfo.jp/details/BaseInfo/sb/3080000015,個人,石川雅子,石川雅子,"['歯科領域の一次診療', '成人の歯科矯正治療']",na,na,na,"['院内処方', '車椅子利用者への配慮（施設内のバリアフリー化の実施）', '施設内における全面禁煙の実施']",na,na,na,2|2|-,na,na,1|1|-,15,na,na,4,"[歯科, 矯正歯科, ]"
2023-09-04,泉歯科矯正歯科医院,水戸市堀町１１０８－１１,茨城県水戸市堀町1108-11,,2023年5月01日,https://www.ibaraki-medinfo.jp/details/BaseInfo/sb/3080000016,個人,泉俊郎,泉俊郎,"['歯科領域の一次診療', '成人の歯科矯正治療', '唇顎口蓋裂の歯科矯正治療', '顎変形症の歯科矯正治療', '著しく歯科診療が困難な者（障害者等）の歯科治療']","['顎関節症治療', '口唇、舌若しくは口腔粘膜の炎症、外傷又は腫瘍の治療']",na,na,"['院内処方', '視覚障害者への配慮（施設内点字ブロックの設置）', '車椅子利用者への配慮（施設内のバリアフリー化の実施）', '車椅子対応トイレ', '施設内における全面禁煙の実施']",na,na,"['病院との連携', '診療所との連携']",2|1|1,na,na,3|-|3,23,na,na,4,"[歯科, 小児歯科, 矯正歯科, ]"
2023-09-04,伊勢歯科医院,水戸市南町１丁目４－１７,茨城県水戸市南町一丁目4-17,,2019年12月09日,https://www.ibaraki-medinfo.jp/details/BaseInfo/sb/3080000017,個人,伊勢卓史,伊勢卓史,['歯科領域の一次診療'],na,na,na,"['院内処方', '車椅子利用者への配慮（施設内のバリアフリー化の実施）', '施設内における全面禁煙の実施']",na,na,na,1|1|-,na,na,na,13,na,na,4,"[歯科, ]"
2023-09-04,（公社）茨城県歯科医師会 口腔センター水戸,水戸市見和２－２９２－１,茨城県水戸市見和二丁目292-1,,2023年3月15日,https://www.ibaraki-medinfo.jp/details/BaseInfo/sb/3080000018,公益法人,公益社団法人茨城県歯科医師会,半沢 篤,"['歯科領域の一次診療', '著しく歯科診療が困難な者（障害者等）の歯科治療', '摂食機能障害の治療']",na,na,na,"['院内処方', '院外処方', '視覚障害者への配慮（音声による情報の伝達）', '聴覚障害者への配慮（施設内の情報の表示）', '車椅子利用者への配慮（施設内のバリアフリー化の実施）', '車椅子対応トイレ', '施設内における全面禁煙の実施']",na,na,na,2.4|1|1.4,na,na,5.8|4|1.8,29,na,na,4,"[歯科（障害者）, ]"
2023-09-04,今井歯科クリニック,水戸市南町3－1－18,茨城県水戸市南町三丁目1-18,,2023年3月15日,https://www.ibaraki-medinfo.jp/details/BaseInfo/sb/3080000019,個人,今井 文彰,今井 文彰,"['歯科領域の一次診療', '成人の歯科矯正治療']",['埋伏歯抜歯'],na,na,"['院内処方', '院外処方', '施設内における全面禁煙の実施']",na,na,na,1|1|-,na,na,3|2|1,8,na,na,5,"[歯科, 小児歯科, 矯正歯科, 歯科口腔外科, ]"
2023-09-04,今井デンタルクリニック,水戸市内原町１５６８－３,茨城県水戸市内原町1568-3,,2023年3月13日,https://www.ibaraki-medinfo.jp/details/BaseInfo/sb/3080000020,個人,今井義文,今井義文,['歯科領域の一次診療'],na,na,na,"['院内処方', '施設内における全面禁煙の実施']",na,na,na,1|1|-,na,na,na,12.8,na,na,5,"[歯科, ]"
2023-09-04,岩間歯科医院,水戸市城南１－２－３８,茨城県水戸市城南一丁目2-38,,2023年4月20日,https://www.ibaraki-medinfo.jp/details/BaseInfo/sb/3080000021,個人,岩間張良,岩間張良,['歯科領域の一次診療'],['顎関節症治療'],na,na,"['院内処方', '院外処方', '施設内における全面禁煙の実施']",na,"['往診（終日往診可能以外）', '歯科訪問診療', '訪問歯科衛生指導', '歯科疾患在宅療養管理', '在宅患者歯科治療総合医療管理']","['病院との連携', '診療所との連携', '訪問看護ステーションとの連携', '居宅介護支援事業所との連携']",1|1|0,na,na,3.5|2|1.5,16,na,na,5,"[歯科, 小児歯科, 矯正歯科, ]"
2023-09-04,岩元歯科医院,水戸市笠原町９９５－９５,茨城県水戸市笠原町995-95,,2023年3月13日,https://www.ibaraki-medinfo.jp/details/BaseInfo/sb/3080000022,個人,岩元健太郎,岩元健太郎,['歯科領域の一次診療'],"['埋伏歯抜歯', '顎関節症治療']",na,na,"['院内処方', '車椅子利用者への配慮（施設内のバリアフリー化の実施）', '施設内における全面禁煙の実施']",na,na,na,1|1|-,na,na,na,6,na,na,5,"[歯科, 小児歯科, 歯科口腔外科, ]"
2023-09-04,ヴィース歯科クリニック,水戸市百合が丘町８－５,茨城県水戸市百合ｶﾞ丘町8-5,,2020年1月29日,https://www.ibaraki-medinfo.jp/details/BaseInfo/sb/3080000023,個人,田崎滋子,田崎滋子,['歯科領域の一次診療'],na,na,na,"['院内処方', '院外処方', '車椅子利用者への配慮（施設内のバリアフリー化の実施）', '車椅子対応トイレ', '施設内における全面禁煙の実施']",na,na,na,1|1|-,na,na,1|1|-,10.6,na,na,5,"[歯科, 小児歯科, ]"
2023-09-04,上田歯科クリニック,水戸市西原１－１５－２１,茨城県水戸市西原一丁目15-21,,2023年3月14日,https://www.ibaraki-medinfo.jp/details/BaseInfo/sb/3080000024,医療法人,医療法人良裕会,上田裕之,['歯科領域の一次診療'],"['埋伏歯抜歯', '顎関節症治療']",na,na,"['院内処方', '視覚障害者への配慮（音声による情報の伝達）', '車椅子利用者への配慮（施設内のバリアフリー化の実施）', '施設内における全面禁煙の実施']",na,na,na,1.3|1|0.3,na,na,2|2|-,45.5,na,na,5,"[歯科, 小児歯科, 歯科口腔外科, ]"
2023-09-04,上野医院歯科,水戸市中丸町２６７,茨城県水戸市中丸町267,,2023年3月13日,https://www.ibaraki-medinfo.jp/details/BaseInfo/sb/3080000025,個人,上野卓也,上野卓也,['歯科領域の一次診療'],['埋伏歯抜歯'],na,na,"['院内処方', '施設内における全面禁煙の実施']",na,"['歯科訪問診療', '訪問歯科衛生指導', '歯科疾患在宅療養管理']",na,1|1|0,na,na,3|0|3,10.8,na,na,5,"[歯科, 小児歯科, 歯科口腔外科, ]"
2023-09-04,うすい歯科医院,水戸市中央２－２－１１,茨城県水戸市中央二丁目2-11,,2023年4月25日,https://www.ibaraki-medinfo.jp/details/BaseInfo/sb/3080000026,個人,臼井裕,臼井裕,['歯科領域の一次診療'],['顎関節症治療'],na,na,"['院内処方', '施設内における全面禁煙の実施']",na,na,na,1|1|-,na,na,2|2|-,15.6,na,na,5,"[歯科, 小児歯科, ]"
2023-09-04,医療法人社団 慶仁会 うつぎざき歯科医院,水戸市大塚町１８６３－２９,茨城県水戸市大塚町1863-29,,2023年3月13日,https://www.ibaraki-medinfo.jp/details/BaseInfo/sb/3080000028,医療法人,医療法人社団 慶仁会 うつぎざき歯科医院,槍崎慶二,['歯科領域の一次診療'],['埋伏歯抜歯'],na,na,"['院内処方', '施設内における全面禁煙の実施']",na,na,na,1.5|1|0.5,na,na,5.5|5|0.5,64,na,na,5,"[歯科, 小児歯科, 矯正歯科, ]"
2023-09-04,海老澤歯科医院,水戸市東桜川７９６－１,茨城県水戸市東桜川796-1,,2015年2月06日,https://www.ibaraki-medinfo.jp/details/BaseInfo/sb/3080000029,個人,海老澤弘起,海老澤弘起,"['歯科領域の一次診療', '成人の歯科矯正治療', '唇顎口蓋裂の歯科矯正治療', '顎変形症の歯科矯正治療']","['埋伏歯抜歯', '顎関節症治療', '顎変形症治療', '唇顎口蓋裂治療']",na,na,"['院内処方', '院外処方', '聴覚障害者への配慮（施設内の情報の表示）', '施設内における全面禁煙の実施']",na,na,na,1.5|1|0.5,na,na,1|1|-,12.5,na,na,5,"[歯科, 小児歯科, 矯正歯科, ]"
2023-09-04,大内歯科医院,水戸市千波町２４７５－１１,茨城県水戸市千波町2475-11,,2023年3月13日,https://www.ibaraki-medinfo.jp/details/BaseInfo/sb/3080000030,個人,大内宏之,大内宏之,['歯科領域の一次診療'],na,na,na,"['院内処方', '車椅子利用者への配慮（施設内のバリアフリー化の実施）', '施設内における全面禁煙の実施']",na,na,na,na,na,na,na,na,na,na,5,"[歯科, 小児歯科, 歯科口腔外科, ]"
2023-09-04,大金歯科医院,水戸市五軒町２－１－１０,茨城県水戸市五軒町二丁目1-10,,2020年12月14日,https://www.ibaraki-medinfo.jp/details/BaseInfo/sb/3080000032,個人,大金誠,大金誠,['歯科領域の一次診療'],na,na,na,"['院内処方', '車椅子利用者への配慮（施設内のバリアフリー化の実施）', '施設内における全面禁煙の実施']",na,na,na,1|-|-,na,na,1|-|-,16,na,na,5,"[歯科, ]"
2023-09-04,大串歯科医院,水戸市大串町９５７－４,茨城県水戸市大串町957-4,,2023年3月22日,https://www.ibaraki-medinfo.jp/details/BaseInfo/sb/3080000033,医療法人,医療法人 社団 あやめ会,小門 茂,"['歯科領域の一次診療', '成人の歯科矯正治療']","['埋伏歯抜歯', '顎関節症治療', '口唇、舌若しくは口腔粘膜の炎症、外傷又は腫瘍の治療']",na,na,"['院外処方', '聴覚障害者への配慮（手話による対応）', '車椅子利用者への配慮（施設内のバリアフリー化の実施）', '施設内における全面禁煙の実施']",na,na,"['病院との連携', '診療所との連携', '薬局との連携']",1|1|-,na,na,na,18.8,na,na,5,"[歯科, 小児歯科, 矯正歯科, 歯科口腔外科, ]"
2023-09-04,大澤一茂歯科医院,水戸市姫子１－８１５－５,茨城県水戸市姫子一丁目815-5,,2023年3月14日,https://www.ibaraki-medinfo.jp/details/BaseInfo/sb/3080000034,個人,大澤一茂,大澤一茂,"['歯科領域の一次診療', '成人の歯科矯正治療', '摂食機能障害の治療']","['埋伏歯抜歯', '顎関節症治療']",na,na,['院内処方'],na,"['往診（終日往診可能以外）', '歯科訪問診療', '訪問歯科衛生指導']","['病院との連携', '診療所との連携', '訪問看護ステーションとの連携', '居宅介護支援事業所との連携', '薬局との連携']",1|1|-,na,na,2|2|-,10,na,na,5,"[歯科, 小児歯科, 歯科口腔外科, ]"
2023-09-04,おおさわデンタルクリニック,水戸市見川町丹下一ノ牧２１３１－１４７６,茨城県水戸市見川町丹下一ﾉ牧2131-1476,,2023年3月23日,https://www.ibaraki-medinfo.jp/details/BaseInfo/sb/3080000036,個人,大澤賢スケ,大澤賢スケ,['歯科領域の一次診療'],"['埋伏歯抜歯', '顎関節症治療']",na,na,"['院内処方', '車椅子利用者への配慮（施設内のバリアフリー化の実施）', '施設内における全面禁煙の実施']",na,na,na,1|1|-,na,na,na,16,na,na,5,"[歯科, 小児歯科, ]"
2023-09-04,大高歯科クリニック,水戸市元吉田町８３７－２,茨城県水戸市元吉田町837-2,,2020年12月14日,https://www.ibaraki-medinfo.jp/details/BaseInfo/sb/3080000037,個人,大高亨,大高亨,"['歯科領域の一次診療', '成人の歯科矯正治療']","['埋伏歯抜歯', '顎関節症治療']",na,na,"['院内処方', '車椅子利用者への配慮（施設内のバリアフリー化の実施）', '車椅子対応トイレ', '施設内における全面禁煙の実施']",na,na,na,2|1|1,na,na,4.9|1|3.9,46.4,na,na,5,"[歯科, 小児歯科, 矯正歯科, 歯科口腔外科, ]"
2023-09-04,大森矯正歯科クリニック,水戸市見和３－１３９３－２,茨城県水戸市見和三丁目1393-2,,2023年3月13日,https://www.ibaraki-medinfo.jp/details/BaseInfo/sb/3080000039,個人,大森勇市郎,大森勇市郎,"['歯科領域の一次診療', '成人の歯科矯正治療', '唇顎口蓋裂の歯科矯正治療', '顎変形症の歯科矯正治療', '著しく歯科診療が困難な者（障害者等）の歯科治療']",na,na,na,"['院内処方', '院外処方', '施設内における全面禁煙の実施']",na,"['歯科訪問診療', '訪問歯科衛生指導', '歯科疾患在宅療養管理']","['病院との連携', '診療所との連携', '居宅介護支援事業所との連携']",1.2|1|0.2,na,na,2|2|0,20,na,na,5,"[歯科, 小児歯科, 矯正歯科, ]"
2023-09-04,おかざき矯正歯科クリニック,水戸市南町３－２－４４,茨城県水戸市南町三丁目2-44,,2023年8月03日,https://www.ibaraki-medinfo.jp/details/BaseInfo/sb/3080000040,医療法人,医療法人クラーク会,岡崎恵一郎,"['成人の歯科矯正治療', '唇顎口蓋裂の歯科矯正治療', '顎変形症の歯科矯正治療']",na,na,na,['施設内における全面禁煙の実施'],na,na,"['病院との連携', '診療所との連携']",3|3|-,na,na,5|5|-,35.2,na,na,5,"[矯正歯科, ]"
2023-09-04,岡歯科医院,水戸市柳町１－１４－３,茨城県水戸市柳町一丁目14-3,,2023年4月20日,https://www.ibaraki-medinfo.jp/details/BaseInfo/sb/3080000041,個人,岡英之,岡英之,['歯科領域の一次診療'],['埋伏歯抜歯'],na,na,"['院内処方', '車椅子利用者への配慮（施設内のバリアフリー化の実施）', '施設内における全面禁煙の実施']",na,"['往診（終日往診可能以外）', '歯科訪問診療', '訪問歯科衛生指導', '歯科疾患在宅療養管理']","['病院との連携', '訪問看護ステーションとの連携']",1|1|0,na,na,1|1|0,8.3,na,na,5,"[歯科, ]"
2023-09-04,おかの歯科クリニック,水戸市吉沢町１０７6－1,茨城県水戸市吉沢町1076-1,,2021年1月14日,https://www.ibaraki-medinfo.jp/details/BaseInfo/sb/3080000042,個人,岡野千春,岡野千春,"['歯科領域の一次診療', '成人の歯科矯正治療']",['埋伏歯抜歯'],na,na,"['院内処方', '車椅子利用者への配慮（施設内のバリアフリー化の実施）', '車椅子対応トイレ', '施設内における全面禁煙の実施']",na,na,na,5|2|3,na,na,1.3|1|0.3,25,na,na,5,"[歯科, 小児歯科, 矯正歯科, ]"
2023-09-04,小川歯科,水戸市見和３－６０６－３,茨城県水戸市見和三丁目606-3,,2023年3月14日,https://www.ibaraki-medinfo.jp/details/BaseInfo/sb/3080000043,個人,小川理,小川理,['歯科領域の一次診療'],"['埋伏歯抜歯', '顎関節症治療']",na,na,"['院内処方', '車椅子利用者への配慮（施設内のバリアフリー化の実施）', '施設内における全面禁煙の実施']",na,na,"['病院との連携', '診療所との連携']",1|1|-,na,na,1|1|-,22,na,na,6,"[歯科, ]"
2023-09-04,尾山歯科医院,水戸市千波町２２７０－３,茨城県水戸市千波町2270-3,,2018年12月27日,https://www.ibaraki-medinfo.jp/details/BaseInfo/sb/3080000046,個人,尾山正洋,尾山正洋,['歯科領域の一次診療'],na,na,na,"['院内処方', '院外処方', '車椅子利用者への配慮（施設内のバリアフリー化の実施）', '施設内における全面禁煙の実施']",na,na,na,1|1|-,na,na,1|1|-,24,na,na,6,"[歯科, 小児歯科, 歯科口腔外科, ]"
2023-09-04,医療法人 三笠会 笠原歯科,水戸市笠原町８８７－１０,茨城県水戸市笠原町887-10,,2023年3月23日,https://www.ibaraki-medinfo.jp/details/BaseInfo/sb/3080000047,医療法人,金澤卓也,金澤卓也,"['歯科領域の一次診療', '成人の歯科矯正治療']","['埋伏歯抜歯', '顎関節症治療', '口唇、舌若しくは口腔粘膜の炎症、外傷又は腫瘍の治療']",na,na,"['院内処方', '視覚障害者への配慮（音声による情報の伝達）', '聴覚障害者への配慮（施設内の情報の表示）', '施設内における全面禁煙の実施']",na,na,"['病院との連携', '診療所との連携']",12|3|9,na,na,7|7|-,128,na,na,6,"[歯科, 小児歯科, 矯正歯科, 歯科口腔外科, ]"
2023-09-04,笠原中央歯科医院,水戸市笠原町５６５－５,茨城県水戸市笠原町565-5,,2023年1月23日,https://www.ibaraki-medinfo.jp/details/BaseInfo/sb/3080000048,個人,海老根学,海老根学,['歯科領域の一次診療'],na,na,na,"['院内処方', '施設内における全面禁煙の実施']",na,na,na,1|-|-,na,na,-|-|1,19,na,na,6,"[歯科, 小児歯科, ]"
2023-09-04,片岡歯科医院,水戸市見和１－３２３－９,茨城県水戸市見和一丁目323-9,,2021年1月14日,https://www.ibaraki-medinfo.jp/details/BaseInfo/sb/3080000049,個人,片岡正人,片岡正人,na,na,na,na,"['院内処方', '施設内における全面禁煙の実施']",na,na,na,2|2|-,na,na,3.7|4|1,33.1,na,na,6,"[歯科, ]"
2023-09-04,加藤歯科医院,水戸市五軒町2-2-5,茨城県水戸市五軒町二丁目2-5,,2023年3月14日,https://www.ibaraki-medinfo.jp/details/BaseInfo/sb/3080000052,個人,加藤毅,加藤毅,['歯科領域の一次診療'],na,na,na,"['院内処方', '院外処方', '施設内における全面禁煙の実施']",na,na,na,1.3|1|0.3,na,na,4|4|-,20,na,na,6,"[歯科, ]"
2023-09-04,金澤歯科医院,水戸市新原２－５－９,茨城県水戸市新原二丁目5-9,,2023年3月14日,https://www.ibaraki-medinfo.jp/details/BaseInfo/sb/3080000053,個人,金澤俊二,金澤俊二,['歯科領域の一次診療'],"['埋伏歯抜歯', '顎関節症治療', '口唇、舌若しくは口腔粘膜の炎症、外傷又は腫瘍の治療']",na,na,"['院内処方', '院外処方', '施設内における全面禁煙の実施']",na,na,na,1|1|-,na,na,1|1|-,13,na,na,6,"[歯科, 小児歯科, ]"
2023-09-04,かぶとう歯科医院,水戸市千波町２８７４－２２,茨城県水戸市千波町2874-22,,2023年3月13日,https://www.ibaraki-medinfo.jp/details/BaseInfo/sb/3080000054,個人,加部東正善,加部東正善,"['歯科領域の一次診療', '著しく歯科診療が困難な者（障害者等）の歯科治療']",['埋伏歯抜歯'],na,na,"['院外処方', '施設内における全面禁煙の実施', '医療に関する相談窓口設置']",na,"['往診（終日往診可能以外）', '歯科訪問診療', '訪問歯科衛生指導', '歯科疾患在宅療養管理']","['病院との連携', '診療所との連携', '訪問看護ステーションとの連携', '居宅介護支援事業所との連携', '薬局との連携']",1|1|-,na,na,1|1|0,4.6,na,na,6,"[歯科, ]"
2023-09-04,川上歯科医院,水戸市見和３－１７８－１０,茨城県水戸市見和三丁目178-10,,2023年3月10日,https://www.ibaraki-medinfo.jp/details/BaseInfo/sb/3080000055,個人,川上正樹,川上正樹,['歯科領域の一次診療'],na,na,na,"['院内処方', '視覚障害者への配慮（音声による情報の伝達）', '聴覚障害者への配慮（手話による対応）', '聴覚障害者への配慮（施設内の情報の表示）', '車椅子利用者への配慮（施設内のバリアフリー化の実施）', '施設内における全面禁煙の実施']",na,na,na,2|2|-,na,na,na,20,na,na,6,"[歯科, ]"
2023-09-04,かわかみ歯科クリニック,水戸市吉沼町５１８－１,茨城県水戸市吉沼町518-1,,2023年3月15日,https://www.ibaraki-medinfo.jp/details/BaseInfo/sb/3080000056,個人,川上雅広,川上雅広,"['歯科領域の一次診療', '著しく歯科診療が困難な者（障害者等）の歯科治療']","['埋伏歯抜歯', '顎関節症治療']",na,na,"['院内処方', '車椅子利用者への配慮（施設内のバリアフリー化の実施）', '施設内における全面禁煙の実施']",na,na,"['病院との連携', '診療所との連携']",1|1|-,na,na,3|2|1,27,na,na,6,"[歯科, 小児歯科, ]"
2023-09-04,川﨑歯科クリニック,水戸市城東１－３－８,茨城県水戸市城東一丁目3-8,,2020年1月20日,https://www.ibaraki-medinfo.jp/details/BaseInfo/sb/3080000057,個人,川﨑洋平,川﨑洋平,"['歯科領域の一次診療', '成人の歯科矯正治療', '唇顎口蓋裂の歯科矯正治療', '顎変形症の歯科矯正治療', '著しく歯科診療が困難な者（障害者等）の歯科治療']","['埋伏歯抜歯', '顎関節症治療']",na,na,"['院内処方', '院外処方', '車椅子対応トイレ', '施設内における全面禁煙の実施']",na,na,"['病院との連携', '診療所との連携', '薬局との連携']",3|1|2,na,na,0|0|-,30,na,na,6,"[歯科, 小児歯科, 矯正歯科, 歯科口腔外科, ]"
2023-09-04,河原歯科医院,水戸市三の丸１－３－１０,茨城県水戸市三ﾉ丸一丁目3-10,,2019年12月24日,https://www.ibaraki-medinfo.jp/details/BaseInfo/sb/3080000058,個人,河原聖直,河原聖直,"['歯科領域の一次診療', '著しく歯科診療が困難な者（障害者等）の歯科治療', '摂食機能障害の治療']","['顎関節症治療', '口唇、舌若しくは口腔粘膜の炎症、外傷又は腫瘍の治療']",na,na,"['院内処方', '院外処方', '視覚障害者への配慮（音声による情報の伝達）', '聴覚障害者への配慮（施設内の情報の表示）', '喫煙室の設置']",na,"['往診（終日対応することができるものに限る）', '歯科訪問診療']",na,2|2|-,na,na,na,20,na,na,6,"[歯科, 小児歯科, 歯科口腔外科, ]"
2023-09-04,医療法人恵衛会神田歯科医院,水戸市元吉田町９４－５,茨城県水戸市元吉田町94-5,,2020年12月21日,https://www.ibaraki-medinfo.jp/details/BaseInfo/sb/3080000059,医療法人,医療法人恵衛会,神田稔,"['歯科領域の一次診療', '成人の歯科矯正治療']",na,na,na,"['院内処方', '院外処方', '車椅子利用者への配慮（施設内のバリアフリー化の実施）', '施設内における全面禁煙の実施']",na,"['往診（終日対応することができるものに限る）', '歯科訪問診療', '訪問歯科衛生指導', '歯科疾患在宅療養管理', '在宅患者歯科治療総合医療管理']","['病院との連携', '診療所との連携', '訪問看護ステーションとの連携', '居宅介護支援事業所との連携', '薬局との連携']",4|2|2,na,na,8|4|4,na,na,na,6,"[歯科, 小児歯科, 矯正歯科, ]"
2023-09-04,菊池歯科医院,水戸市大足町９１１－４,茨城県水戸市大足町911-4,,2023年3月16日,https://www.ibaraki-medinfo.jp/details/BaseInfo/sb/3080000060,個人,菊池 勉,菊池 勉,['歯科領域の一次診療'],na,na,na,"['院内処方', '車椅子利用者への配慮（施設内のバリアフリー化の実施）', '施設内における全面禁煙の実施']",na,na,na,1|1|-,na,na,na,5,na,na,6,"[歯科, ]"
2023-09-04,きしうえ歯科医院,水戸市田谷町４６５９－１,茨城県水戸市田谷町4659-1,,2023年3月13日,https://www.ibaraki-medinfo.jp/details/BaseInfo/sb/3080000061,個人,岸上和由,岸上和由,['歯科領域の一次診療'],na,na,na,"['院内処方', '施設内における全面禁煙の実施']",na,na,na,2|2|-,na,na,na,31,na,na,6,"[歯科, 小児歯科, ]"
2023-09-04,木田歯科,水戸市南町３－２－３２,茨城県水戸市南町三丁目2-32,,2023年5月12日,https://www.ibaraki-medinfo.jp/details/BaseInfo/sb/3080000062,個人,木田雅子,木田雅子,na,na,na,na,"['院内処方', '院外処方', '施設内における全面禁煙の実施']",na,na,na,5|3|2,na,na,na,25.8,na,na,6,"[歯科, ]"
2023-09-04,医療法人社団木村歯科医院,水戸市中丸町５１７－６,茨城県水戸市中丸町517-6,,2019年12月05日,https://www.ibaraki-medinfo.jp/details/BaseInfo/sb/3080000063,医療法人,医療法人社団木村歯科医院,木村利明,"['歯科領域の一次診療', '摂食機能障害の治療']","['埋伏歯抜歯', '顎関節症治療', '口唇、舌若しくは口腔粘膜の炎症、外傷又は腫瘍の治療']",na,na,"['院内処方', '院外処方', '車椅子利用者への配慮（施設内のバリアフリー化の実施）', '車椅子対応トイレ', '施設内における全面禁煙の実施']",na,na,"['病院との連携', '診療所との連携', '薬局との連携']",1.5|1|0.5,na,na,4|3|1,45,na,na,6,"[歯科, 小児科, 歯科口腔外科, ]"
2023-09-04,クボタ歯科クリニック,水戸市柳町２－８－１０,茨城県水戸市柳町二丁目8-10,,2023年3月22日,https://www.ibaraki-medinfo.jp/details/BaseInfo/sb/3080000064,個人,窪田裕明,窪田裕明,['歯科領域の一次診療'],['埋伏歯抜歯'],na,na,"['院内処方', '施設内における全面禁煙の実施']",na,na,na,1|-|-,na,na,1|-|-,18.2,na,na,6,"[歯科, 小児歯科, 矯正歯科, 歯科口腔外科, ]"
2023-09-04,久保谷歯科医院,水戸市加倉井町４３８－１,茨城県水戸市加倉井町438-1,,2023年3月13日,https://www.ibaraki-medinfo.jp/details/BaseInfo/sb/3080000065,個人,久保谷聡明,久保谷聡明,['歯科領域の一次診療'],na,na,na,"['院内処方', '施設内における全面禁煙の実施']",na,na,na,1|1|-,na,na,na,12.1,na,na,6,"[歯科, ]"
2023-09-04,倉沢歯科医院,水戸市元山町１－３－３７,茨城県水戸市元山町一丁目3-37,,2023年7月19日,https://www.ibaraki-medinfo.jp/details/BaseInfo/sb/3080000066,個人,倉沢幸平,倉沢幸平,['歯科領域の一次診療'],na,na,na,"['院内処方', '施設内における全面禁煙の実施']",na,"['歯科訪問診療', '訪問歯科衛生指導']",na,1.5|1|0.5,na,na,1.5|1|0.5,15,na,na,6,"[歯科, ]"
2023-09-04,けやき台歯科医院,水戸市酒門町３２９８－１０,茨城県水戸市酒門町3298-10,,2023年3月14日,https://www.ibaraki-medinfo.jp/details/BaseInfo/sb/3080000068,個人,井坂純,井坂純,['歯科領域の一次診療'],na,na,na,"['院内処方', '車椅子利用者への配慮（施設内のバリアフリー化の実施）', '施設内における全面禁煙の実施']",na,na,na,2|2|-,na,na,3|1|2,42,na,na,7,"[歯科, 小児歯科, ]"
2023-09-04,小澤歯科医院,水戸市見川５－１２５－１０,茨城県水戸市見川五丁目125-10,,2023年3月23日,https://www.ibaraki-medinfo.jp/details/BaseInfo/sb/3080000069,個人,小澤永久,小澤永久,['歯科領域の一次診療'],na,na,na,"['院内処方', '院外処方', '施設内における全面禁煙の実施']",na,na,na,2|1|1,na,na,3|3|0,18,na,na,7,"[歯科, ]"
2023-09-04,小鹿歯科医院,水戸市五軒町３－３－４７,茨城県水戸市五軒町三丁目3-47,,2021年1月06日,https://www.ibaraki-medinfo.jp/details/BaseInfo/sb/3080000070,個人,小鹿典雄,小鹿典雄,['歯科領域の一次診療'],"['埋伏歯抜歯', '顎関節症治療']",na,na,"['院内処方', '施設内における全面禁煙の実施']",na,"['歯科訪問診療', '訪問歯科衛生指導', '歯科疾患在宅療養管理', '在宅患者歯科治療総合医療管理']","['病院との連携', '診療所との連携', '居宅介護支援事業所との連携']",1|1|-,na,na,2|2|0,20,na,na,7,"[歯科, 小児歯科, 歯科口腔外科, ]"
2023-09-04,古関歯科医院,水戸市元吉田町１５００,茨城県水戸市元吉田町1500,,2023年3月13日,https://www.ibaraki-medinfo.jp/details/BaseInfo/sb/3080000072,個人,関根靖浩,関根靖浩,"['歯科領域の一次診療', '成人の歯科矯正治療', '著しく歯科診療が困難な者（障害者等）の歯科治療']","['埋伏歯抜歯', '顎関節症治療', '口唇、舌若しくは口腔粘膜の炎症、外傷又は腫瘍の治療', '口腔領域の腫瘍の治療']",na,na,"['院内処方', '院外処方', '車椅子利用者への配慮（施設内のバリアフリー化の実施）', '車椅子対応トイレ', '施設内における全面禁煙の実施']",na,"['往診（終日往診可能以外）', '歯科訪問診療', '訪問歯科衛生指導', '歯科疾患在宅療養管理', '在宅患者歯科治療総合医療管理']","['病院との連携', '診療所との連携', '居宅介護支援事業所との連携', '薬局との連携']",2.2|2|0.2,na,na,4.8|4|0.8,35,na,na,7,"[歯科, 小児歯科, 矯正歯科, 歯科口腔外科, ]"
2023-09-04,こばやし歯科,水戸市南町３丁目４番４８号,茨城県水戸市南町三丁目4-48,,2017年4月26日,https://www.ibaraki-medinfo.jp/details/BaseInfo/sb/3080000073,個人,小林岳敏,小林岳敏,"['歯科領域の一次診療', '成人の歯科矯正治療']",['埋伏歯抜歯'],na,na,"['院内処方', '施設内における全面禁煙の実施']",na,na,na,4|3|1,na,na,na,12,na,na,7,"[歯科, 小児歯科, 矯正歯科, 歯科口腔外科, ]"
2023-09-04,小舩歯科医院,水戸市南町３－５－２１,茨城県水戸市南町三丁目5-21,,2023年3月15日,https://www.ibaraki-medinfo.jp/details/BaseInfo/sb/3080000074,個人,小舩秀文,小舩秀文,['歯科領域の一次診療'],"['埋伏歯抜歯', '顎関節症治療', '顎骨骨折治療', '口唇、舌若しくは口腔粘膜の炎症、外傷又は腫瘍の治療']",na,na,"['院内処方', '院外処方', '施設内における全面禁煙の実施']",na,na,"['病院との連携', '診療所との連携']",1|1|-,na,na,2|2|-,8.4,na,na,7,"[歯科, ]"
2023-09-04,さいとう歯科,水戸市五軒町２－４－８,茨城県水戸市五軒町二丁目4-8,,2023年5月18日,https://www.ibaraki-medinfo.jp/details/BaseInfo/sb/3080000075,個人,齊藤正幸,齊藤正幸,['歯科領域の一次診療'],na,na,na,"['院内処方', '視覚障害者への配慮（音声による情報の伝達）', '車椅子利用者への配慮（施設内のバリアフリー化の実施）', '施設内における全面禁煙の実施']",na,na,"['病院との連携', '診療所との連携']",1|1|-,na,na,0.6|-|0.6,3.9,na,na,7,"[歯科, ]"
2023-09-04,榊歯科医院,水戸市見川２－２００－８,茨城県水戸市見川二丁目200-8,,2020年12月14日,https://www.ibaraki-medinfo.jp/details/BaseInfo/sb/3080000076,個人,榊正幸,榊正幸,['歯科領域の一次診療'],na,na,na,"['院内処方', '院外処方', '施設内における全面禁煙の実施']",na,na,"['病院との連携', '診療所との連携', '薬局との連携']",1|1|-,na,na,2|2|-,14,na,na,7,"[歯科, ]"
2023-09-04,酒門歯科クリニック,水戸市酒門町１０９８,茨城県水戸市酒門町1098,,2023年4月20日,https://www.ibaraki-medinfo.jp/details/BaseInfo/sb/3080000077,個人,荻沼雅之,荻沼雅之,['歯科領域の一次診療'],na,na,na,"['院内処方', '施設内における全面禁煙の実施']",na,na,na,1|1|-,na,na,1|1|-,10,na,na,7,"[歯科, ]"
2023-09-04,櫻川歯科医院,水戸市西原１－６－３,茨城県水戸市西原一丁目6-3,,2020年12月21日,https://www.ibaraki-medinfo.jp/details/BaseInfo/sb/3080000079,個人,櫻川次郎,櫻川次郎,"['歯科領域の一次診療', '著しく歯科診療が困難な者（障害者等）の歯科治療', '摂食機能障害の治療']","['埋伏歯抜歯', '顎関節症治療', '口唇、舌若しくは口腔粘膜の炎症、外傷又は腫瘍の治療']",na,na,"['院内処方', '院外処方', '視覚障害者への配慮（音声による情報の伝達）', '聴覚障害者への配慮（施設内の情報の表示）', '車椅子利用者への配慮（施設内のバリアフリー化の実施）', '施設内における全面禁煙の実施']",na,na,na,1|1|-,na,na,na,35,na,na,7,"[歯科, 小児歯科, 歯科口腔外科, ]"
2023-09-04,さくら歯科医院,水戸市城東２－１－３５,茨城県水戸市城東二丁目1-35,,2023年3月13日,https://www.ibaraki-medinfo.jp/details/BaseInfo/sb/3080000080,個人,小野智則,小野智則,['歯科領域の一次診療'],na,na,na,"['院内処方', '院外処方', '施設内における全面禁煙の実施']",na,na,na,1|1|-,na,na,3|-|3,27.2,na,na,7,"[歯科, 小児歯科, ]"
2023-09-04,佐藤歯科医院,水戸市本町３－２０－３,茨城県水戸市本町三丁目20-3,,2019年12月05日,https://www.ibaraki-medinfo.jp/details/BaseInfo/sb/3080000082,個人,佐藤裕子,佐藤裕子,['歯科領域の一次診療'],na,na,na,"['院内処方', '院外処方', '施設内における全面禁煙の実施']",na,na,na,1|1|-,na,na,na,15,na,na,7,"[歯科, ]"
2023-09-04,猿田歯科医院,水戸市渡里町２９３２－１１,茨城県水戸市渡里町2932-11,,2023年3月13日,https://www.ibaraki-medinfo.jp/details/BaseInfo/sb/3080000083,個人,猿田範雄,猿田範雄,"['歯科領域の一次診療', '著しく歯科診療が困難な者（障害者等）の歯科治療']",['埋伏歯抜歯'],na,na,"['院内処方', '施設内における全面禁煙の実施']",na,na,na,1|1|0,na,na,4|4|0,30,na,na,7,"[歯科, ]"
2023-09-04,三の丸歯科医院,水戸市三の丸1丁目1－２7,茨城県水戸市三ﾉ丸一丁目1-27,,2023年4月21日,https://www.ibaraki-medinfo.jp/details/BaseInfo/sb/3080000084,個人,小林充明,小林充明,"['歯科領域の一次診療', '成人の歯科矯正治療']","['埋伏歯抜歯', '顎関節症治療', '口唇、舌若しくは口腔粘膜の炎症、外傷又は腫瘍の治療']",na,na,"['院内処方', '施設内における全面禁煙の実施']",na,na,na,1|1|-,na,na,3|3|-,32.3,na,na,7,"[歯科, 小児歯科, 矯正歯科, ]"
2023-09-04,ジェイズ歯科,水戸市袴塚１－７－８,茨城県水戸市袴塚一丁目7-8,,2023年4月21日,https://www.ibaraki-medinfo.jp/details/BaseInfo/sb/3080000085,個人,石川仁,石川仁,['歯科領域の一次診療'],"['埋伏歯抜歯', '顎関節症治療']",na,na,"['院内処方', '車椅子利用者への配慮（施設内のバリアフリー化の実施）', '施設内における全面禁煙の実施']",na,na,na,1|1|-,na,na,6|3|3,35,na,na,7,"[歯科, 小児歯科, 矯正歯科, 歯科口腔外科, ]"
2023-09-04,柴原歯科医院,水戸市赤塚１－219－2,茨城県水戸市赤塚一丁目219-2,,2023年2月06日,https://www.ibaraki-medinfo.jp/details/BaseInfo/sb/3080000086,個人,柴原宏一郎,柴原宏一郎,['歯科領域の一次診療'],na,na,na,"['院内処方', '院外処方', '車椅子利用者への配慮（施設内のバリアフリー化の実施）', '車椅子対応トイレ', '施設内における全面禁煙の実施']",na,"['歯科訪問診療', '訪問歯科衛生指導', '歯科疾患在宅療養管理']","['病院との連携', '診療所との連携', '訪問看護ステーションとの連携', '居宅介護支援事業所との連携', '薬局との連携']",2|2|-,na,na,1|1|-,20,na,na,7,"[歯科, ]"
2023-09-04,常陽歯科医院,水戸市堀町1026-3,茨城県水戸市堀町1026-3,,2021年1月06日,https://www.ibaraki-medinfo.jp/details/BaseInfo/sb/3080000088,医療法人,医療法人社団佳信会,野田佳克,"['歯科領域の一次診療', '成人の歯科矯正治療']","['埋伏歯抜歯', '顎関節症治療']",na,na,"['院内処方', '車椅子対応トイレ', '施設内における全面禁煙の実施', '医療に関する相談窓口設置']",na,na,na,4.1|4|0.1,na,na,7.3|7|0.3,69.2,na,na,7,"[歯科, 小児歯科, 矯正歯科, ]"
2023-09-04,白梅歯科医院,水戸市白梅３－２－１８,茨城県水戸市白梅三丁目2-18,,2023年3月23日,https://www.ibaraki-medinfo.jp/details/BaseInfo/sb/3080000089,個人,佐藤米子,佐藤米子,['歯科領域の一次診療'],['埋伏歯抜歯'],na,na,"['院内処方', '施設内における全面禁煙の実施']",na,na,na,1|1|-,na,na,0|0|-,6.4,na,na,7,"[歯科, ]"
2023-09-04,スケガワ歯科医院,水戸市上水戸１－１１－７,茨城県水戸市上水戸一丁目11-7,,2023年3月15日,https://www.ibaraki-medinfo.jp/details/BaseInfo/sb/3080000090,個人,助川洋,助川洋,['歯科領域の一次診療'],"['埋伏歯抜歯', '顎関節症治療', '口唇、舌若しくは口腔粘膜の炎症、外傷又は腫瘍の治療']",na,na,"['院内処方', '聴覚障害者への配慮（手話による対応）', '施設内における全面禁煙の実施']",na,na,na,3|2|1,na,na,4|4|0,57.4,na,na,7,"[歯科, 小児歯科, 歯科口腔外科, ]"
2023-09-04,すずき歯科クリニック,水戸市吉沢町２７１－３,茨城県水戸市吉沢町271-3,,2023年3月10日,https://www.ibaraki-medinfo.jp/details/BaseInfo/sb/3080000091,個人,鈴木智大,鈴木智大,na,na,na,na,"['院内処方', '車椅子利用者への配慮（施設内のバリアフリー化の実施）', '施設内における全面禁煙の実施']",na,"['歯科訪問診療', '訪問歯科衛生指導']",na,1|1|-,na,na,1|1|-,21,na,na,7,"[歯科, 小児歯科, ]"
2023-09-04,関山歯科医院,水戸市渡里町２７２２－１,茨城県水戸市渡里町2722-1,,2020年1月20日,https://www.ibaraki-medinfo.jp/details/BaseInfo/sb/3080000093,個人,関山洋,関山洋,['歯科領域の一次診療'],['埋伏歯抜歯'],na,na,"['院内処方', '施設内における全面禁煙の実施']",na,na,na,1|1|-,na,na,1|1|-,10.2,na,na,8,"[歯科, 小児歯科, 矯正歯科, 歯科口腔外科, ]"
2023-09-04,千波歯科クリニック,水戸市千波町１２４２－３,茨城県水戸市千波町1242-3,,2023年3月15日,https://www.ibaraki-medinfo.jp/details/BaseInfo/sb/3080000094,個人,村居幸夫,村居幸夫,"['歯科領域の一次診療', '著しく歯科診療が困難な者（障害者等）の歯科治療', '摂食機能障害の治療']","['埋伏歯抜歯', '顎関節症治療', '口唇、舌若しくは口腔粘膜の炎症、外傷又は腫瘍の治療']",na,na,"['院外処方', '施設内における全面禁煙の実施']",na,na,"['病院との連携', '診療所との連携']",1|1|-,na,na,2|1|1,15,na,na,8,"[歯科, ]"
2023-09-04,そえだ歯科クリニック,水戸市千波町２１４－８,茨城県水戸市千波町214-8,,2021年1月15日,https://www.ibaraki-medinfo.jp/details/BaseInfo/sb/3080000095,個人,添田弥,添田弥,"['歯科領域の一次診療', '成人の歯科矯正治療', '著しく歯科診療が困難な者（障害者等）の歯科治療']","['埋伏歯抜歯', '顎関節症治療', '口唇、舌若しくは口腔粘膜の炎症、外傷又は腫瘍の治療']",na,na,"['院内処方', '院外処方', '車椅子利用者への配慮（施設内のバリアフリー化の実施）', '施設内における全面禁煙の実施']",na,"['歯科訪問診療', '歯科疾患在宅療養管理']","['病院との連携', '診療所との連携', '薬局との連携']",2.1|2|0.1,na,na,2|2|0,29.7,na,na,8,"[歯科, 小児歯科, 矯正歯科, ]"
2023-09-04,大工町歯科,水戸市大工町１－３－３,茨城県水戸市大工町一丁目3-3,,2023年3月23日,https://www.ibaraki-medinfo.jp/details/BaseInfo/sb/3080000096,個人,小野真祐,小野真祐,na,na,na,na,"['院内処方', '院外処方', '喫煙室の設置']",na,na,na,1.7|1|0.7,na,na,1|-|1,15.3,na,na,8,"[歯科, ]"
2023-09-04,大和歯科医院,水戸市浜田１－１７－８,茨城県水戸市浜田一丁目17-8,,2023年1月04日,https://www.ibaraki-medinfo.jp/details/BaseInfo/sb/3080000097,個人,高橋秀明,高橋秀明,['歯科領域の一次診療'],na,na,na,['院内処方'],na,na,na,1|1|0,na,na,1.5|1|0.5,16.1,na,na,8,"[歯科, 小児歯科, ]"
2023-09-04,高崎歯科医院,水戸市泉町１－４－１４,茨城県水戸市泉町一丁目4-14,,2023年3月13日,https://www.ibaraki-medinfo.jp/details/BaseInfo/sb/3080000098,個人,高崎康史,高崎康史,['歯科領域の一次診療'],"['埋伏歯抜歯', '顎関節症治療']",na,na,"['院内処方', '視覚障害者への配慮（音声による情報の伝達）', '車椅子利用者への配慮（施設内のバリアフリー化の実施）', '施設内における全面禁煙の実施']",na,na,na,3|3|0,na,na,4.5|3|1.5,43.7,na,na,8,"[歯科, 小児歯科, 歯科口腔外科, ]"
2023-09-04,たかだ歯科医院,水戸市栗崎町１３９４－１,茨城県水戸市栗崎町1394-1,,2023年4月20日,https://www.ibaraki-medinfo.jp/details/BaseInfo/sb/3080000099,個人,高田寿,高田寿,"['歯科領域の一次診療', '著しく歯科診療が困難な者（障害者等）の歯科治療']",['埋伏歯抜歯'],na,na,"['院内処方', '車椅子利用者への配慮（施設内のバリアフリー化の実施）', '施設内における全面禁煙の実施']",na,na,na,1|1|0,na,na,3|3|0,27.6,na,na,8,"[歯科, ]"
2023-09-04,高畑歯科クリニック,水戸市東赤塚２１１４－１,茨城県水戸市東赤塚2114-1,,2020年12月14日,https://www.ibaraki-medinfo.jp/details/BaseInfo/sb/3080000100,個人,高畑友治,高畑友治,na,na,na,na,"['院内処方', '院外処方', '施設内における全面禁煙の実施']",na,na,na,2|1|1,na,na,na,30,na,na,8,"[歯科, ]"
2023-09-04,高宮歯科医院,水戸市内原町前原１５３１,茨城県水戸市内原町前原1531,,2023年8月16日,https://www.ibaraki-medinfo.jp/details/BaseInfo/sb/3080000101,個人,高宮哲二,高宮哲二,['歯科領域の一次診療'],na,na,na,"['院内処方', '視覚障害者への配慮（音声による情報の伝達）', '聴覚障害者への配慮（施設内の情報の表示）', '施設内における全面禁煙の実施']",na,na,"['病院との連携', '診療所との連携']",1|1|-,na,na,1|1|-,15,na,na,8,"[歯科, 小児歯科, 矯正歯科, ]"
2023-09-04,たかやま歯科医院,水戸市青柳町４７５９－２,茨城県水戸市青柳町4759-2,,2021年1月14日,https://www.ibaraki-medinfo.jp/details/BaseInfo/sb/3080000102,個人,高山正熙,高山正熙,['歯科領域の一次診療'],['顎関節症治療'],na,na,"['院内処方', '施設内における全面禁煙の実施']",na,na,na,1|1|0,na,na,2|0|2,32.4,na,na,8,"[歯科, 小児歯科, 歯科口腔外科, ]"
2023-09-04,田川歯科医院,水戸市鯉淵町６００５－１,茨城県水戸市鯉淵町6005-1,,2023年3月10日,https://www.ibaraki-medinfo.jp/details/BaseInfo/sb/3080000103,個人,田川弘祥,田川弘祥,"['歯科領域の一次診療', '成人の歯科矯正治療', '著しく歯科診療が困難な者（障害者等）の歯科治療']","['埋伏歯抜歯', '顎関節症治療']",na,na,"['院内処方', '視覚障害者への配慮（音声による情報の伝達）', '車椅子利用者への配慮（施設内のバリアフリー化の実施）', '施設内における全面禁煙の実施']",na,na,na,1|1|-,na,na,na,18.2,na,na,8,"[歯科, 小児歯科, ]"
2023-09-04,竹内歯科医院,水戸市大工町３丁目９番２９号,茨城県水戸市大工町三丁目9-29,,2023年3月13日,https://www.ibaraki-medinfo.jp/details/BaseInfo/sb/3080000104,個人,竹内貴司,竹内貴司,['歯科領域の一次診療'],na,na,na,"['院内処方', '施設内における全面禁煙の実施']",na,na,na,1|1|-,na,na,na,6.7,na,na,8,"[一般歯科, ]"
2023-09-04,田崎歯科,水戸市千波町２３６－３,茨城県水戸市千波町236-3,,2023年3月13日,https://www.ibaraki-medinfo.jp/details/BaseInfo/sb/3080000106,医療法人,医療法人社団美桜会,本間茂美,"['歯科領域の一次診療', '成人の歯科矯正治療']","['埋伏歯抜歯', '顎関節症治療']",na,na,"['院内処方', '車椅子利用者への配慮（施設内のバリアフリー化の実施）', '施設内における全面禁煙の実施']",na,na,na,3|2|1,na,na,3|3|-,35,na,na,8,"[歯科, 歯科口腔外科, ]"
2023-09-04,田澤歯科医院,水戸市姫子２丁目３５２番地１８号,茨城県水戸市姫子二丁目352-18,,2023年3月13日,https://www.ibaraki-medinfo.jp/details/BaseInfo/sb/3080000107,個人,田澤重伸,田澤重伸,['歯科領域の一次診療'],na,na,na,"['院内処方', '車椅子利用者への配慮（施設内のバリアフリー化の実施）', '施設内における全面禁煙の実施']",na,na,na,2|2|-,na,na,2|1|1,29.1,na,na,8,"[歯科, 小児歯科, ]"
2023-09-04,立原歯科診療所,水戸市泉町２－２－２９,茨城県水戸市泉町二丁目2-29,,2023年4月20日,https://www.ibaraki-medinfo.jp/details/BaseInfo/sb/3080000108,個人,白川敏明,白川敏明,['歯科領域の一次診療'],na,na,na,"['院内処方', '院外処方', '施設内における全面禁煙の実施']",na,na,na,1|1|-,na,na,na,10.4,na,na,8,"[歯科, ]"
2023-09-04,たなか歯科医院,水戸市元吉田町３１５－１４,茨城県水戸市元吉田町315-14,,2023年3月13日,https://www.ibaraki-medinfo.jp/details/BaseInfo/sb/3080000109,個人,田中淳司,田中淳司,"['歯科領域の一次診療', '成人の歯科矯正治療', '著しく歯科診療が困難な者（障害者等）の歯科治療']","['埋伏歯抜歯', '顎関節症治療']",na,na,"['院内処方', '施設内における全面禁煙の実施']",na,na,na,1|1|-,na,na,na,20,na,na,8,"[歯科, 小児歯科, ]"
2023-09-04,谷川歯科医院,水戸市千波町２３７４－３９,茨城県水戸市千波町2374-39,,2023年3月13日,https://www.ibaraki-medinfo.jp/details/BaseInfo/sb/3080000110,個人,谷川好一,谷川好一,['歯科領域の一次診療'],"['埋伏歯抜歯', '顎関節症治療']",na,na,"['院内処方', '車椅子利用者への配慮（施設内のバリアフリー化の実施）', '施設内における全面禁煙の実施']",na,na,"['病院との連携', '診療所との連携']",1.4|1|0.4,na,na,4|4|-,50.5,na,na,8,"[歯科, 小児歯科, 歯科口腔外科, ]"
2023-09-04,丹下歯科医院,水戸市笠原町１２３１－８,茨城県水戸市笠原町1231-8,,2020年12月14日,https://www.ibaraki-medinfo.jp/details/BaseInfo/sb/3080000112,個人,丹下隆夫,丹下隆夫,"['歯科領域の一次診療', '成人の歯科矯正治療']",na,na,na,['院内処方'],na,na,na,1|1|-,na,na,na,2,na,na,8,"[歯科, ]"
2023-09-04,中央通り歯科,水戸市元吉田町１２３４－２３,茨城県水戸市元吉田町1234-23,,2015年2月10日,https://www.ibaraki-medinfo.jp/details/BaseInfo/sb/3080000113,個人,大久保肇,大久保肇,['歯科領域の一次診療'],['顎関節症治療'],na,na,['院内処方'],na,na,na,1|1|-,na,na,0|0|-,2.6,na,na,8,"[歯科, 小児歯科, ]"
2023-09-04,中央ビル歯科医院,水戸市泉町２－３－２,茨城県水戸市泉町二丁目3-2,,2023年4月20日,https://www.ibaraki-medinfo.jp/details/BaseInfo/sb/3080000114,個人,宮田宗広,宮田宗広,['歯科領域の一次診療'],na,na,na,"['院内処方', '院外処方', '車椅子対応トイレ', '施設内における全面禁煙の実施']",na,na,"['病院との連携', '診療所との連携', '薬局との連携']",1|1|-,na,na,2|1|1,25,na,na,8,"[歯科, ]"
2023-09-04,つばき歯科医院,水戸市笠原町９７８－２５,茨城県水戸市笠原町978-25,,2023年3月23日,https://www.ibaraki-medinfo.jp/details/BaseInfo/sb/3080000115,個人,椿和佳,椿和佳,['歯科領域の一次診療'],"['埋伏歯抜歯', '顎関節症治療']",na,na,"['院内処方', '車椅子対応トイレ', '施設内における全面禁煙の実施']",na,na,"['病院との連携', '診療所との連携']",1|1|-,na,na,1|1|-,34.2,na,na,9,"[歯科, 小児歯科, 歯科口腔外科, ]"
2023-09-04,富永歯科医院,水戸市河和田２－２１９６－１,茨城県水戸市河和田二丁目2196-1,,2023年3月27日,https://www.ibaraki-medinfo.jp/details/BaseInfo/sb/3080000116,個人,富永明弘,富永明弘,['歯科領域の一次診療'],na,na,na,"['院内処方', '施設内における全面禁煙の実施']",na,na,na,1|1|-,na,na,0.5|-|0.5,20.4,na,na,9,"[歯科, ]"
2023-09-04,友常歯科医院,水戸市東原２－４－４,茨城県水戸市東原二丁目4-4,,2023年5月16日,https://www.ibaraki-medinfo.jp/details/BaseInfo/sb/3080000117,個人,友常洋一,友常洋一,['歯科領域の一次診療'],na,na,na,"['院外処方', '車椅子利用者への配慮（施設内のバリアフリー化の実施）']",na,na,na,1|-|-,na,na,-|-|0.5,7.6,na,na,9,"[歯科, 小児歯科, ]"
2023-09-04,外山歯科医院,水戸市大塚町１７４１－１１,茨城県水戸市大塚町1741-11,,2020年12月14日,https://www.ibaraki-medinfo.jp/details/BaseInfo/sb/3080000118,個人,外山敬三,外山敬三,['歯科領域の一次診療'],"['埋伏歯抜歯', '顎関節症治療']",na,na,"['院内処方', '施設内における全面禁煙の実施']",na,na,"['病院との連携', '診療所との連携']",2|2|0,na,na,4|2|2,56,na,na,9,"[歯科, ]"
2023-09-04,永木歯科医院,水戸市城南１－１－１７,茨城県水戸市城南一丁目1-17,,2023年3月13日,https://www.ibaraki-medinfo.jp/details/BaseInfo/sb/3080000119,個人,永木修二,永木修二,['歯科領域の一次診療'],['顎関節症治療'],na,na,"['院内処方', '施設内における全面禁煙の実施']",na,na,na,1|1|-,na,na,1|1|-,5.1,na,na,9,"[歯科, ]"
2023-09-04,中島歯科医院,水戸市石川１丁目４０２２－８,茨城県水戸市石川一丁目4022-8,,2023年3月16日,https://www.ibaraki-medinfo.jp/details/BaseInfo/sb/3080000120,個人,中島繁樹,中島繁樹,"['歯科領域の一次診療', '成人の歯科矯正治療']",['埋伏歯抜歯'],na,na,"['院内処方', '院外処方', '車椅子利用者への配慮（施設内のバリアフリー化の実施）', '施設内における全面禁煙の実施']",na,"['往診（終日往診可能以外）', '歯科訪問診療']",na,2|2|-,na,na,6|3|3,31.7,na,na,9,"[歯科, 矯正歯科, ]"
2023-09-04,根本歯科医院,水戸市米沢町３７９－１０－１１,茨城県水戸市米沢町379-10-11,,2023年3月15日,https://www.ibaraki-medinfo.jp/details/BaseInfo/sb/3080000121,個人,根本祐次,根本祐次,['歯科領域の一次診療'],['埋伏歯抜歯'],na,na,"['院内処方', '施設内における全面禁煙の実施']",na,na,"['病院との連携', '訪問看護ステーションとの連携']",1|1|-,na,na,1|1|-,10.5,na,na,9,"[歯科, ]"
2023-09-04,のぐち歯科医院,水戸市城南２－５－４５,茨城県水戸市城南二丁目5-45,,2023年3月15日,https://www.ibaraki-medinfo.jp/details/BaseInfo/sb/3080000122,医療法人,医療法人のぐち歯科医院,野口知彦,['歯科領域の一次診療'],['顎関節症治療'],na,na,"['院内処方', '施設内における全面禁煙の実施']",na,na,na,1|1|-,na,na,2|1|1,9.5,na,na,9,"[歯科, ]"
2023-09-04,ハーモニーデンタルクリニック,水戸市泉町１－２－２５,茨城県水戸市泉町一丁目2-25,,2023年3月13日,https://www.ibaraki-medinfo.jp/details/BaseInfo/sb/3080000123,個人,洞上正人,洞上正人,"['歯科領域の一次診療', '著しく歯科診療が困難な者（障害者等）の歯科治療']","['埋伏歯抜歯', '顎関節症治療', '口唇、舌若しくは口腔粘膜の炎症、外傷又は腫瘍の治療']",na,na,"['院内処方', '車椅子利用者への配慮（施設内のバリアフリー化の実施）', '施設内における全面禁煙の実施', '医療に関する相談窓口設置']",na,"['往診（終日対応することができるものに限る）', '歯科訪問診療']","['病院との連携', '居宅介護支援事業所との連携', '薬局との連携']",1|-|-,na,na,na,10,na,na,9,"[歯科, ]"
2023-09-04,白田歯科医院,水戸市石川３－２０６１,茨城県水戸市石川三丁目2061,,2023年4月20日,https://www.ibaraki-medinfo.jp/details/BaseInfo/sb/3080000125,個人,白田公正,白田公正,['歯科領域の一次診療'],na,na,na,"['院内処方', '施設内における全面禁煙の実施']",na,na,na,1|1|-,na,na,1|1|-,13.1,na,na,9,"[歯科, ]"
2023-09-04,橋本歯科医院,水戸市見川２－３０９４－２,茨城県水戸市見川二丁目3094-2,,2018年11月26日,https://www.ibaraki-medinfo.jp/details/BaseInfo/sb/3080000126,個人,橋本武典,橋本武典,na,na,na,na,"['院外処方', '施設内における全面禁煙の実施']",na,na,na,1|1|-,na,na,na,11,na,na,9,"[歯科, ]"
2023-09-04,塙歯科,水戸市小吹町２５６８－４,茨城県水戸市小吹町2568-4,,2021年2月24日,https://www.ibaraki-medinfo.jp/details/BaseInfo/sb/3080000128,個人,塙政勝,塙政勝,['歯科領域の一次診療'],"['埋伏歯抜歯', '顎関節症治療']",na,na,"['院内処方', '視覚障害者への配慮（音声による情報の伝達）', '車椅子利用者への配慮（施設内のバリアフリー化の実施）', '施設内における全面禁煙の実施']",na,na,"['病院との連携', '診療所との連携']",1|1|-,na,na,1|1|-,23,na,na,9,"[歯科, 小児歯科, 歯科口腔外科, ]"
2023-09-04,医療法人ひかり歯科,水戸市河和田町１８５－５,茨城県水戸市河和田町185-5,,2023年4月21日,https://www.ibaraki-medinfo.jp/details/BaseInfo/sb/3080000131,医療法人,医療法人ひかり歯科,白水寿美子,"['歯科領域の一次診療', '著しく歯科診療が困難な者（障害者等）の歯科治療', '摂食機能障害の治療']",['埋伏歯抜歯'],na,na,"['院内処方', '聴覚障害者への配慮（手話による対応）', '聴覚障害者への配慮（施設内の情報の表示）', '車椅子利用者への配慮（施設内のバリアフリー化の実施）', '車椅子対応トイレ', '施設内における全面禁煙の実施']",na,na,"['病院との連携', '診療所との連携']",1|1|-,na,na,2|1|1,40,na,na,9,"[歯科, 小児歯科, ]"
2023-09-04,檜山歯科,水戸市本町１－１１－２０,茨城県水戸市本町一丁目11-20,,2020年1月06日,https://www.ibaraki-medinfo.jp/details/BaseInfo/sb/3080000132,個人,中上恵子,中上恵子,['歯科領域の一次診療'],"['埋伏歯抜歯', '顎関節症治療']",na,na,"['院内処方', '施設内における全面禁煙の実施']",na,na,na,1|1|-,na,na,2|1|1,30,na,na,9,"[歯科, 小児歯科, ]"
2023-09-04,平須歯科医院,水戸市平須町１－２０３,茨城県水戸市平須町1-203,,2020年12月14日,https://www.ibaraki-medinfo.jp/details/BaseInfo/sb/3080000133,個人,小暮雅人,小暮雅人,['歯科領域の一次診療'],"['埋伏歯抜歯', '顎関節症治療']",na,na,"['院内処方', '視覚障害者への配慮（音声による情報の伝達）', '聴覚障害者への配慮（施設内の情報の表示）', '車椅子利用者への配慮（施設内のバリアフリー化の実施）', '施設内における全面禁煙の実施']",na,"['往診（終日往診可能以外）', '歯科訪問診療']",na,2|2|-,na,na,na,31,na,na,9,"[歯科, ]"
2023-09-04,ファーストデンタルクリニック,水戸市宮町１－１－１,茨城県水戸市宮町一丁目1-1,,2015年2月10日,https://www.ibaraki-medinfo.jp/details/BaseInfo/sb/3080000134,医療法人,医療法人英徳会,大木理恵子,"['歯科領域の一次診療', '著しく歯科診療が困難な者（障害者等）の歯科治療', '摂食機能障害の治療']","['埋伏歯抜歯', '顎関節症治療']",na,na,['院内処方'],na,na,na,7|2|5,na,na,4|2|2,19,na,na,9,"[歯科, 小児歯科, 歯科口腔外科, ]"
2023-09-04,フカヤ歯科クリニック,水戸市河和田２－１４－１１,茨城県水戸市河和田二丁目14-11,,2015年2月12日,https://www.ibaraki-medinfo.jp/details/BaseInfo/sb/3080000136,個人,深谷聖,深谷聖,['歯科領域の一次診療'],"['埋伏歯抜歯', '顎関節症治療']",na,na,"['院内処方', '車椅子利用者への配慮（施設内のバリアフリー化の実施）', '施設内における全面禁煙の実施']",na,na,na,1|1|-,na,na,1|1|-,25,na,na,9,"[歯科, 小児歯科, 歯科口腔外科, ]"
2023-09-04,福祉会館歯科診療室,水戸市千波町１９１８,茨城県水戸市千波町1918,,2020年1月09日,https://www.ibaraki-medinfo.jp/details/BaseInfo/sb/3080000137,個人,小森二三夫,小森二三夫,"['歯科領域の一次診療', '成人の歯科矯正治療']",['顎関節症治療'],na,na,na,na,na,na,1|1|-,na,na,na,10,na,na,9,"[歯科, 矯正歯科, ]"
2023-09-04,双葉台歯科医院,水戸市大塚町１６６０－２,茨城県水戸市大塚町1660-2,,2018年12月12日,https://www.ibaraki-medinfo.jp/details/BaseInfo/sb/3080000138,個人,山﨑洋子,山﨑洋子,['歯科領域の一次診療'],"['埋伏歯抜歯', '顎関節症治療']",na,na,"['院外処方', '車椅子利用者への配慮（施設内のバリアフリー化の実施）', '施設内における全面禁煙の実施']",na,"['往診（終日対応することができるものに限る）', '歯科訪問診療']",na,2|1|1,na,na,na,40,na,na,9,"[一般歯科, ]"
2023-09-04,医療法人古木歯科医院,水戸市東野町１５２－５,茨城県水戸市東野町152-5,,2023年3月23日,https://www.ibaraki-medinfo.jp/details/BaseInfo/sb/3080000140,個人,古木要,古木要,['歯科領域の一次診療'],['埋伏歯抜歯'],na,na,"['院内処方', '車椅子利用者への配慮（施設内のバリアフリー化の実施）', '施設内における全面禁煙の実施']",na,na,na,1|1|-,na,na,8|7|1,45,na,na,9,"[歯科, ]"
2023-09-04,ほうとく歯科,水戸市河和田町４４０５－１１８,茨城県水戸市河和田町4405-118,,2023年3月16日,https://www.ibaraki-medinfo.jp/details/BaseInfo/sb/3080000141,個人,大津亮,大津亮,['歯科領域の一次診療'],na,na,na,"['院内処方', '施設内における全面禁煙の実施']",na,na,na,1|1|0,na,na,6|4|2,34.6,na,na,10,"[歯科, 小児歯科, ]"
2023-09-04,堀江歯科医院,水戸市笠原町１２５３－１,茨城県水戸市笠原町1253-1,,2019年12月16日,https://www.ibaraki-medinfo.jp/details/BaseInfo/sb/3080000143,個人,堀江利邦,堀江利邦,['歯科領域の一次診療'],na,na,na,"['院内処方', '施設内における全面禁煙の実施']",na,na,na,1|1|-,na,na,na,5,na,na,10,"[歯科, ]"
2023-09-04,堀スマイル歯科,水戸市堀町１１６３－１８,茨城県水戸市堀町1163-18,,2019年12月02日,https://www.ibaraki-medinfo.jp/details/BaseInfo/sb/3080000144,個人,月村光志,月村光志,['歯科領域の一次診療'],['埋伏歯抜歯'],na,na,"['院内処方', '車椅子利用者への配慮（施設内のバリアフリー化の実施）', '施設内における全面禁煙の実施']",na,na,na,1|-|-,na,na,na,20,na,na,10,"[歯科, ]"
2023-09-04,医療法人 ホワイト歯科クリニック,水戸市石川３－４１３４－９,茨城県水戸市石川三丁目4134-9,,2023年4月21日,https://www.ibaraki-medinfo.jp/details/BaseInfo/sb/3080000145,医療法人,赤塚修,赤塚修,['歯科領域の一次診療'],['埋伏歯抜歯'],na,na,"['院内処方', '施設内における全面禁煙の実施']",na,na,na,1|1|-,na,na,1.7|1.7|0,20.3,na,na,10,"[一般歯科, ]"
2023-09-04,松尾歯科医院,水戸市元吉田町１６３０－４,茨城県水戸市元吉田町1630-4,,2023年7月11日,https://www.ibaraki-medinfo.jp/details/BaseInfo/sb/3080000147,個人,松尾裕之,松尾裕之,['歯科領域の一次診療'],"['埋伏歯抜歯', '顎関節症治療']",na,na,"['院内処方', '院外処方', '施設内における全面禁煙の実施']",na,"['歯科訪問診療', '訪問歯科衛生指導', '歯科疾患在宅療養管理']",na,1|1|-,na,na,3|2|1,31,na,na,10,"[歯科, 小児歯科, ]"
2023-09-04,松崎歯科,水戸市米沢町１１３－２,茨城県水戸市米沢町113-2,,2023年3月13日,https://www.ibaraki-medinfo.jp/details/BaseInfo/sb/3080000148,個人,松崎浩成,松崎浩成,"['歯科領域の一次診療', '成人の歯科矯正治療', '著しく歯科診療が困難な者（障害者等）の歯科治療']",na,na,na,"['院内処方', '施設内における全面禁煙の実施']",na,na,na,1|1|-,na,na,2|2|-,30,na,na,10,"[歯科, 小児歯科, 矯正歯科, ]"
2023-09-04,松丸歯科クリニック,水戸市千波町２８９１－２１,茨城県水戸市千波町2891-21,,2021年1月14日,https://www.ibaraki-medinfo.jp/details/BaseInfo/sb/3080000149,個人,松丸徹治,松丸徹治,['歯科領域の一次診療'],"['埋伏歯抜歯', '顎関節症治療', '顎骨骨折治療', '口唇、舌若しくは口腔粘膜の炎症、外傷又は腫瘍の治療']",na,na,"['院内処方', '車椅子利用者への配慮（施設内のバリアフリー化の実施）', '施設内における全面禁煙の実施']",na,na,na,1|1|0,na,na,3|3|0,52,na,na,10,"[歯科, 小児歯科, 歯科口腔外科, ]"
2023-09-04,丸山歯科医院,水戸市南町３－１－１０,茨城県水戸市南町三丁目1-10,,2020年1月21日,https://www.ibaraki-medinfo.jp/details/BaseInfo/sb/3080000150,個人,丸山宇一,丸山宇一,['歯科領域の一次診療'],na,na,na,"['院外処方', '施設内における全面禁煙の実施']",na,na,na,1|1|-,na,na,na,9,na,na,10,"[歯科, ]"
2023-09-04,水戸インプラント矯正歯科クリニック,水戸市南町１－３－３６,茨城県水戸市南町一丁目3-36,,2023年3月13日,https://www.ibaraki-medinfo.jp/details/BaseInfo/sb/3080000152,医療法人,医療法人社団崇尚会,宮井崇宏,"['歯科領域の一次診療', '成人の歯科矯正治療']",na,na,na,"['院内処方', '施設内における全面禁煙の実施']",na,na,na,1|1|0,na,na,2|2|0,14,na,na,10,"[歯科, 小児歯科, 矯正歯科, 口腔外科, ]"
2023-09-04,水戸歯科クリニック矯正歯科センター,水戸市大工町３－３－２６,茨城県水戸市大工町三丁目3-26,,2023年7月28日,https://www.ibaraki-medinfo.jp/details/BaseInfo/sb/3080000153,個人,若松進治,若松進治,"['歯科領域の一次診療', '成人の歯科矯正治療', '唇顎口蓋裂の歯科矯正治療', '顎変形症の歯科矯正治療']",na,na,na,"['院外処方', '施設内における全面禁煙の実施']",na,na,na,2|2|1,na,na,2|2|-,28,na,na,10,"[歯科, 歯科矯正, ]"
2023-09-04,三森歯科医院,水戸市大町１－２－４０,茨城県水戸市大町一丁目2-40,,2022年3月07日,https://www.ibaraki-medinfo.jp/details/BaseInfo/sb/3080000154,個人,三森健治,三森健治,['歯科領域の一次診療'],"['埋伏歯抜歯', '顎関節症治療']",na,na,"['院内処方', '施設内における全面禁煙の実施']",na,na,"['病院との連携', '診療所との連携']",1|1|-,na,na,3|3|-,20.5,na,na,10,"[歯科, ]"
2023-09-04,宮内歯科医院,水戸市平須町１８２８－１９２,茨城県水戸市平須町1828-192,,2023年3月27日,https://www.ibaraki-medinfo.jp/details/BaseInfo/sb/3080000155,個人,宮内千年,宮内千年,['歯科領域の一次診療'],na,na,na,"['院内処方', '車椅子利用者への配慮（施設内のバリアフリー化の実施）', '施設内における全面禁煙の実施']",na,na,na,2|2|-,na,na,2|1|1,25,na,na,10,"[歯科, 矯正歯科, ]"
2023-09-04,宮永歯科医院,水戸市青柳町３８８５－３,茨城県水戸市青柳町3885-3,,2023年3月13日,https://www.ibaraki-medinfo.jp/details/BaseInfo/sb/3080000156,個人,宮永久司,宮永久司,['歯科領域の一次診療'],"['埋伏歯抜歯', '顎関節症治療']",na,na,"['院内処方', '施設内における全面禁煙の実施', '医療に関する相談窓口設置']",na,na,na,1|1|-,na,na,2.6|2|0.6,25,na,na,10,"[歯科, ]"
2023-09-04,見和歯科クリニック,水戸市見和２－２４６－１,茨城県水戸市見和二丁目246-1,,2023年3月27日,https://www.ibaraki-medinfo.jp/details/BaseInfo/sb/3080000157,個人,對馬利基,對馬利基,"['歯科領域の一次診療', '成人の歯科矯正治療', '著しく歯科診療が困難な者（障害者等）の歯科治療']",['埋伏歯抜歯'],na,na,"['院内処方', '車椅子利用者への配慮（施設内のバリアフリー化の実施）', '施設内における全面禁煙の実施']",na,"['往診（終日対応することができるものに限る）', '往診（終日往診可能以外）', '歯科訪問診療', '訪問歯科衛生指導']",na,2|2|4,na,na,2|1|2,60,na,na,10,"[歯科, ]"
2023-09-04,村居歯科医院,水戸市末広町３－７－９,茨城県水戸市末広町三丁目7-9,,2023年3月13日,https://www.ibaraki-medinfo.jp/details/BaseInfo/sb/3080000158,個人,村居 幸枝,村居 幸枝,"['歯科領域の一次診療', '成人の歯科矯正治療']",['顎関節症治療'],na,na,"['院内処方', '視覚障害者への配慮（音声による情報の伝達）', '聴覚障害者への配慮（施設内の情報の表示）', '施設内における全面禁煙の実施']",na,na,na,1.1|1|0.1,na,na,1|1|-,5,na,na,10,"[歯科矯正, ]"
2023-09-04,村田歯科医院,水戸市千波町１１９９－１１,茨城県水戸市千波町1199-11,,2023年3月15日,https://www.ibaraki-medinfo.jp/details/BaseInfo/sb/3080000159,個人,村田智明,村田智明,['歯科領域の一次診療'],['顎関節症治療'],na,na,"['院内処方', '施設内における全面禁煙の実施']",na,na,na,1|1|-,na,na,4|3|1,25.8,na,na,10,"[歯科, 小児歯科, ]"
2023-09-04,村山歯科医院,水戸市城東２－１３－３２,茨城県水戸市城東二丁目13-32,,2023年3月16日,https://www.ibaraki-medinfo.jp/details/BaseInfo/sb/3080000160,個人,椎名和郎,椎名和郎,['歯科領域の一次診療'],['埋伏歯抜歯'],na,na,"['院内処方', '施設内における全面禁煙の実施']",na,na,"['病院との連携', '診療所との連携', '居宅介護支援事業所との連携']",1|1|-,na,na,-|-|5,15.5,na,na,10,"[歯科, 小児歯科, ]"
2023-09-04,むろふし歯科,水戸市元吉田町２１９７－１２,茨城県水戸市元吉田町2197-12,,2023年3月14日,https://www.ibaraki-medinfo.jp/details/BaseInfo/sb/3080000161,個人,田中久,田中久,"['歯科領域の一次診療', '成人の歯科矯正治療']","['埋伏歯抜歯', '顎関節症治療']",na,na,"['院内処方', '施設内における全面禁煙の実施']",na,na,na,-|1|1,na,na,-|1|-,20,na,na,10,"[歯科, 小児歯科, 矯正歯科, 歯科口腔外科, ]"
2023-09-04,元吉田あきやま歯科,水戸市元吉田町９７１,茨城県水戸市元吉田町971,,2023年3月23日,https://www.ibaraki-medinfo.jp/details/BaseInfo/sb/3080000163,個人,秋山友則,秋山友則,['歯科領域の一次診療'],na,na,na,"['院内処方', '施設内における全面禁煙の実施']",na,na,"['病院との連携', '診療所との連携']",1|1|-,na,na,2|2|-,22.2,na,na,10,"[歯科, 小児歯科, ]"
2023-09-04,森永歯科医院,水戸市城南２－１５－３０,茨城県水戸市城南二丁目15-30,,2023年5月22日,https://www.ibaraki-medinfo.jp/details/BaseInfo/sb/3080000164,個人,森永桂輔,森永桂輔,['歯科領域の一次診療'],"['埋伏歯抜歯', '顎関節症治療', '口唇、舌若しくは口腔粘膜の炎症、外傷又は腫瘍の治療']",na,na,['院内処方'],na,na,"['病院との連携', '薬局との連携']",2|2|-,na,na,4|4|-,35.4,na,na,10,"[歯科, 小児歯科, 歯科口腔外科, ]"
2023-09-04,諸岡歯科医院,水戸市三の丸１－４－２,茨城県水戸市三ﾉ丸一丁目4-2,,2015年3月02日,https://www.ibaraki-medinfo.jp/details/BaseInfo/sb/3080000165,個人,諸岡光夫,諸岡光夫,['歯科領域の一次診療'],"['埋伏歯抜歯', '顎関節症治療']",na,na,"['院内処方', '施設内における全面禁煙の実施']",na,na,na,-|1|0.5,na,na,-|2|-,28.4,na,na,11,"[歯科, ]"
2023-09-04,やす歯科,水戸市大町２－２－７４,茨城県水戸市大町二丁目2-74,,2023年5月16日,https://www.ibaraki-medinfo.jp/details/BaseInfo/sb/3080000166,個人,安伸浩,安伸浩,"['歯科領域の一次診療', '成人の歯科矯正治療']","['顎関節症治療', '口唇、舌若しくは口腔粘膜の炎症、外傷又は腫瘍の治療']",na,na,"['院内処方', '院外処方', '施設内における全面禁煙の実施']",na,"['往診（終日対応することができるものに限る）', '歯科訪問診療']","['病院との連携', '診療所との連携', '薬局との連携']",1|1|0,na,na,na,8.4,na,na,11,"[歯科, 小児歯科, 矯正歯科, ]"
2023-09-04,ユービ歯科,水戸市酒門町2980-25,茨城県水戸市酒門町2980-25,,2023年3月22日,https://www.ibaraki-medinfo.jp/details/BaseInfo/sb/3080000167,個人,鈴木慶洋,鈴木慶洋,['歯科領域の一次診療'],['埋伏歯抜歯'],na,na,"['院内処方', '車椅子利用者への配慮（施設内のバリアフリー化の実施）', '施設内における全面禁煙の実施', '喫煙室の設置']",na,"['往診（終日往診可能以外）', '歯科訪問診療', '訪問歯科衛生指導', '歯科疾患在宅療養管理']","['病院との連携', '診療所との連携', '居宅介護支援事業所との連携']",1.1|1|0.1,na,na,5.2|4|1.2,58.7,na,na,11,"[歯科, 小児歯科, 歯科口腔外科, ]"
2023-09-04,横須賀歯科医院,水戸市西原２－３－３７,茨城県水戸市西原二丁目3-37,,2023年3月30日,https://www.ibaraki-medinfo.jp/details/BaseInfo/sb/3080000168,個人,横須賀均,横須賀均,['歯科領域の一次診療'],na,na,na,"['院内処方', '院外処方', '施設内における全面禁煙の実施']",na,na,"['病院との連携', '診療所との連携', '訪問看護ステーションとの連携', '居宅介護支援事業所との連携', '薬局との連携']",1|1|-,na,na,na,8,na,na,11,"[歯科, ]"
2023-09-04,吉徳歯科医院,水戸市吉沢町３５２－２,茨城県水戸市吉沢町352-2,,2021年1月07日,https://www.ibaraki-medinfo.jp/details/BaseInfo/sb/3080000169,個人,金吉得,金吉得,"['歯科領域の一次診療', '著しく歯科診療が困難な者（障害者等）の歯科治療']","['埋伏歯抜歯', '顎関節症治療', '口唇、舌若しくは口腔粘膜の炎症、外傷又は腫瘍の治療']",na,na,"['院内処方', '車椅子利用者への配慮（施設内のバリアフリー化の実施）', '施設内における全面禁煙の実施']",na,na,"['病院との連携', '診療所との連携']",1|1|-,na,na,na,25.1,na,na,11,"[歯科, 小児歯科, 歯科口腔外科, ]"
2023-09-04,米川歯科医院,水戸市平須町１８１９－７３,茨城県水戸市平須町1819-73,,2022年3月04日,https://www.ibaraki-medinfo.jp/details/BaseInfo/sb/3080000170,個人,米川久,米川久,['歯科領域の一次診療'],na,na,na,"['院内処方', '施設内における全面禁煙の実施']",na,na,na,2|2|-,na,na,1|1|-,26.3,na,na,11,"[歯科, 小児歯科, ]"
2023-09-04,和田歯科医院,水戸市千波町２２６７－３,茨城県水戸市千波町2267-3,,2015年2月10日,https://www.ibaraki-medinfo.jp/details/BaseInfo/sb/3080000171,個人,和田保子,和田保子,['歯科領域の一次診療'],na,na,na,"['院内処方', '視覚障害者への配慮（音声による情報の伝達）', '施設内における全面禁煙の実施']",na,na,na,1|-|-,na,na,2|-|-,4.5,na,na,11,"[歯科, ]"
2023-09-04,赤津歯科,笠間市長兎路５２５－１,茨城県笠間市長兎路525-1,,2023年3月15日,https://www.ibaraki-medinfo.jp/details/BaseInfo/sb/3080000172,個人,赤津直哉,赤津直哉,['歯科領域の一次診療'],na,na,na,"['院内処方', '院外処方']",na,na,na,1|1|-,na,na,na,13.8,na,na,11,"[歯科, 小児歯科, ]"
2023-09-04,あさひ歯科クリニック,笠間市旭町９２－４,茨城県笠間市旭町92-4,,2015年2月17日,https://www.ibaraki-medinfo.jp/details/BaseInfo/sb/3080000173,個人,片岡優,片岡優,"['歯科領域の一次診療', '成人の歯科矯正治療']","['埋伏歯抜歯', '顎関節症治療', '口唇、舌若しくは口腔粘膜の炎症、外傷又は腫瘍の治療']",na,na,"['院内処方', '院外処方', '車椅子利用者への配慮（施設内のバリアフリー化の実施）', '施設内における全面禁煙の実施']",na,na,na,2.5|2|3,na,na,4.5|4|1,45,na,na,11,"[歯科, ]"
2023-09-04,あべ歯科クリニック,笠間市泉２１００－３,茨城県笠間市泉2100-3,,2023年3月13日,https://www.ibaraki-medinfo.jp/details/BaseInfo/sb/3080000174,個人,阿部仰一,阿部仰一,"['歯科領域の一次診療', '成人の歯科矯正治療', '著しく歯科診療が困難な者（障害者等）の歯科治療']","['埋伏歯抜歯', '顎関節症治療']",na,na,"['院内処方', '視覚障害者への配慮（音声による情報の伝達）', '聴覚障害者への配慮（施設内の情報の表示）', '施設内における全面禁煙の実施']",na,na,na,1|1|-,na,na,1|1|-,20,na,na,11,"[歯科, 小児歯科, 矯正歯科, 歯科口腔外科, ]"
2023-09-04,安藤歯科医院,笠間市笠間１３９８,茨城県笠間市笠間1398,,2023年3月30日,https://www.ibaraki-medinfo.jp/details/BaseInfo/sb/3080000176,個人,安藤仁,安藤仁,['歯科領域の一次診療'],"['埋伏歯抜歯', '顎関節症治療']",na,na,"['院内処方', '施設内における全面禁煙の実施']",na,na,na,2|2|-,na,na,na,17,na,na,11,"[歯科, ]"
2023-09-04,デンタルクリニック泉川,笠間市鯉淵６７４０－１０,茨城県笠間市鯉淵6740-10,,2022年3月25日,https://www.ibaraki-medinfo.jp/details/BaseInfo/sb/3080000177,個人,泉川勇治,泉川勇治,"['歯科領域の一次診療', '著しく歯科診療が困難な者（障害者等）の歯科治療']","['埋伏歯抜歯', '顎関節症治療', '口唇、舌若しくは口腔粘膜の炎症、外傷又は腫瘍の治療']",na,na,"['院内処方', '院外処方', '視覚障害者への配慮（音声による情報の伝達）', '聴覚障害者への配慮（施設内の情報の表示）', '車椅子利用者への配慮（施設内のバリアフリー化の実施）', '車椅子対応トイレ', '施設内における全面禁煙の実施', '喫煙室の設置']",na,na,"['病院との連携', '薬局との連携']",2|2|-,na,na,1|1|-,32.1,na,na,11,"[歯科, ]"
2023-09-04,大沢歯科,笠間市下郷４５４２－１３６,茨城県笠間市下郷4542-136,,2023年3月15日,https://www.ibaraki-medinfo.jp/details/BaseInfo/sb/3080000178,個人,大澤優子,大澤優子,na,na,na,na,"['院内処方', '施設内における全面禁煙の実施', '喫煙室の設置']",na,na,na,1|1|-,na,na,na,22,na,na,11,"[歯科, ]"
2023-09-04,太田歯科医院,笠間市笠間１７０９－１,茨城県笠間市笠間1709-1,,2023年3月10日,https://www.ibaraki-medinfo.jp/details/BaseInfo/sb/3080000179,個人,太田一三,太田一三,['歯科領域の一次診療'],na,na,na,"['院内処方', '施設内における全面禁煙の実施']",na,na,"['病院との連携', '診療所との連携']",1|1|-,na,na,1.5|1|0.5,15.3,na,na,11,"[歯科, 小児歯科, ]"
2023-09-04,奥田歯科医院,笠間市旭町３２７－１,茨城県笠間市旭町327-1,,2023年3月13日,https://www.ibaraki-medinfo.jp/details/BaseInfo/sb/3080000180,個人,奥田雅人,奥田雅人,"['歯科領域の一次診療', '著しく歯科診療が困難な者（障害者等）の歯科治療']",['埋伏歯抜歯'],na,na,"['院内処方', '車椅子利用者への配慮（施設内のバリアフリー化の実施）', '施設内における全面禁煙の実施']",na,na,na,1|1|-,na,na,1|1|-,26.4,na,na,11,"[歯科, 小児歯科, ]"
2023-09-04,かさま歯科,笠間市笠間１５４２－５,茨城県笠間市笠間1542-5,,2023年3月30日,https://www.ibaraki-medinfo.jp/details/BaseInfo/sb/3080000181,個人,今湊良証,今湊良証,['歯科領域の一次診療'],"['埋伏歯抜歯', '顎関節症治療', '口唇、舌若しくは口腔粘膜の炎症、外傷又は腫瘍の治療']",na,na,"['院内処方', '施設内における全面禁煙の実施']",na,"['歯科訪問診療', '訪問歯科衛生指導', '歯科疾患在宅療養管理', '在宅患者歯科治療総合医療管理', '在宅患者訪問口腔リハビリテーション指導管理']","['病院との連携', '診療所との連携', '居宅介護支援事業所との連携', '薬局との連携']",2|2|-,na,na,2|2|-,35,na,na,11,"[歯科, 小児歯科, 矯正歯科, ]"
2023-09-04,神里歯科医院,笠間市笠間１２５６,茨城県笠間市笠間1256,,2023年3月30日,https://www.ibaraki-medinfo.jp/details/BaseInfo/sb/3080000183,個人,山﨑 美樹子,山﨑 美樹子,"['歯科領域の一次診療', '著しく歯科診療が困難な者（障害者等）の歯科治療']",na,na,na,"['院外処方', '車椅子利用者への配慮（施設内のバリアフリー化の実施）', '車椅子対応トイレ', '施設内における全面禁煙の実施']",na,na,na,1|1|0,na,na,na,15,na,na,11,"[歯科, 小児歯科, ]"
2023-09-04,かわぐち歯科医院,笠間市住吉１４８４－３,茨城県笠間市住吉1484-3,,2020年12月24日,https://www.ibaraki-medinfo.jp/details/BaseInfo/sb/3080000184,個人,川口一夫,川口一夫,['歯科領域の一次診療'],"['埋伏歯抜歯', '顎関節症治療']",na,na,"['院内処方', '車椅子利用者への配慮（施設内のバリアフリー化の実施）', '車椅子対応トイレ', '施設内における全面禁煙の実施']",na,na,na,1|1|-,na,na,na,22.8,na,na,11,"[歯科, 小児歯科, 歯科口腔外科, ]"
2023-09-04,河村歯科医院,笠間市笠間２２８－２,茨城県笠間市笠間228-2,,2022年3月25日,https://www.ibaraki-medinfo.jp/details/BaseInfo/sb/3080000185,個人,河村晴敏,河村晴敏,"['歯科領域の一次診療', '成人の歯科矯正治療']",['顎関節症治療'],na,na,"['院内処方', '院外処方', '車椅子利用者への配慮（施設内のバリアフリー化の実施）', '車椅子対応トイレ', '施設内における全面禁煙の実施']",na,"['歯科訪問診療', '訪問歯科衛生指導']","['病院との連携', '診療所との連携', '薬局との連携']",1.2|1|0.2,na,na,3.4|2|1.4,34.8,na,na,11,"[歯科, 小児歯科, 矯正歯科, ]"
2023-09-04,木下歯科医院,笠間市旭町２１７－８,茨城県笠間市旭町217-8,,2023年3月30日,https://www.ibaraki-medinfo.jp/details/BaseInfo/sb/3080000186,個人,木下克己,木下克己,['歯科領域の一次診療'],na,na,na,"['院内処方', '施設内における全面禁煙の実施']",na,na,na,1|1|-,na,na,1|1|-,35,na,na,11,"[歯科, 小児歯科, ]"
2023-09-04,清浦歯科,笠間市橋爪９２７,茨城県笠間市橋爪927,,2023年3月30日,https://www.ibaraki-medinfo.jp/details/BaseInfo/sb/3080000187,個人,清浦ノリ子,清浦祝子,"['歯科領域の一次診療', '成人の歯科矯正治療']",na,na,na,"['院内処方', '施設内における全面禁煙の実施']",na,na,na,1|1|-,na,na,2|-|2,27,na,na,12,"[歯科, 小児歯科, 矯正歯科, ]"
2023-09-04,斉藤歯科医院,笠間市泉２０７３,茨城県笠間市泉2073,,2021年5月17日,https://www.ibaraki-medinfo.jp/details/BaseInfo/sb/3080000188,個人,斉藤宗久,斉藤宗久,na,na,na,na,['施設内における全面禁煙の実施'],na,na,na,2|1|1,na,na,na,11,na,na,12,"[歯科, ]"
2023-09-04,菅谷歯科医院,笠間市押辺５１３,茨城県笠間市押辺513,,2023年3月30日,https://www.ibaraki-medinfo.jp/details/BaseInfo/sb/3080000189,個人,菅谷和徳,菅谷和徳,na,na,na,na,['院内処方'],na,na,na,1|1|-,na,na,1|1|-,21.8,na,na,12,"[歯科, ]"
2023-09-04,清宮歯科医院,笠間市平町１７２０－３１,茨城県笠間市平町1720-31,,2023年3月15日,https://www.ibaraki-medinfo.jp/details/BaseInfo/sb/3080000190,個人,清宮俊秀,清宮俊秀,"['歯科領域の一次診療', '著しく歯科診療が困難な者（障害者等）の歯科治療']","['埋伏歯抜歯', '顎関節症治療', '口唇、舌若しくは口腔粘膜の炎症、外傷又は腫瘍の治療']",na,na,"['院内処方', '車椅子利用者への配慮（施設内のバリアフリー化の実施）', '施設内における全面禁煙の実施']",na,na,na,1|1|-,na,na,1|1|-,30,na,na,12,"[歯科, ]"
2023-09-04,田崎歯科医院,笠間市笠間３４,茨城県笠間市笠間34,,2023年3月30日,https://www.ibaraki-medinfo.jp/details/BaseInfo/sb/3080000191,個人,桐竹晶子,桐竹晶子,['歯科領域の一次診療'],na,na,na,"['院外処方', '施設内における全面禁煙の実施']",na,na,"['病院との連携', '薬局との連携']",1|-|-,na,na,1|-|-,8.7,na,na,12,"[基本診療科, ]"
2023-09-04,たち歯科,笠間市八雲２－１１８１－１７,茨城県笠間市八雲二丁目1181-17,,2017年2月01日,https://www.ibaraki-medinfo.jp/details/BaseInfo/sb/3080000192,個人,舘勝成,舘勝成,"['歯科領域の一次診療', '成人の歯科矯正治療']","['埋伏歯抜歯', '顎関節症治療', '口唇、舌若しくは口腔粘膜の炎症、外傷又は腫瘍の治療']",na,na,"['院内処方', '施設内における全面禁煙の実施']",na,na,na,1|1|-,na,na,3|1|2,38,na,na,12,"[歯科, ]"
2023-09-04,つなかわ歯科医院,笠間市笠間１９５８,茨城県笠間市笠間1958,,2023年3月30日,https://www.ibaraki-medinfo.jp/details/BaseInfo/sb/3080000193,医療法人,医療法人つなかわ歯科医院,綱川健一,"['歯科領域の一次診療', '著しく歯科診療が困難な者（障害者等）の歯科治療']",['埋伏歯抜歯'],na,na,"['院内処方', '車椅子利用者への配慮（施設内のバリアフリー化の実施）', '施設内における全面禁煙の実施']",na,"['往診（終日対応することができるものに限る）', '歯科訪問診療', '訪問歯科衛生指導']","['病院との連携', '診療所との連携', '訪問看護ステーションとの連携']",2|2|-,na,na,3|3|-,33.5,na,na,12,"[歯科, ]"
2023-09-04,智晴歯科医院,笠間市南友部３８８－１５,茨城県笠間市南友部388-15,,2023年3月30日,https://www.ibaraki-medinfo.jp/details/BaseInfo/sb/3080000195,個人,松石千晴,松石千晴,['歯科領域の一次診療'],na,na,na,"['院内処方', '視覚障害者への配慮（音声による情報の伝達）']",na,na,na,1|1|-,na,na,3|1|2,11,na,na,12,"[歯科, ]"
2023-09-04,友部歯科診療所,笠間市美原２－８－２７,茨城県笠間市美原二丁目8-27,,2023年3月30日,https://www.ibaraki-medinfo.jp/details/BaseInfo/sb/3080000196,医療法人,医療法人ＴＯＭＯＢＥ,伊藤和宏,"['歯科領域の一次診療', '成人の歯科矯正治療']","['埋伏歯抜歯', '顎関節症治療', '口唇、舌若しくは口腔粘膜の炎症、外傷又は腫瘍の治療']",na,na,"['院内処方', '車椅子利用者への配慮（施設内のバリアフリー化の実施）', '車椅子対応トイレ', '施設内における全面禁煙の実施']",na,"['歯科訪問診療', '訪問歯科衛生指導']","['病院との連携', '訪問看護ステーションとの連携', '居宅介護支援事業所との連携']",4.9|3|0.9,na,na,3.8|3|0.8,100,na,na,12,"[歯科, 小児歯科, 矯正歯科, 歯科口腔外科, ]"
2023-09-04,仲田歯科医院,笠間市下郷４４２５－１５,茨城県笠間市下郷4425-15,,2023年9月01日,https://www.ibaraki-medinfo.jp/details/BaseInfo/sb/3080000197,個人,仲田豊,仲田豊,"['歯科領域の一次診療', '成人の歯科矯正治療', '著しく歯科診療が困難な者（障害者等）の歯科治療']","['埋伏歯抜歯', '顎関節症治療', '口唇、舌若しくは口腔粘膜の炎症、外傷又は腫瘍の治療']",na,na,"['院内処方', '院外処方', '車椅子利用者への配慮（施設内のバリアフリー化の実施）', '施設内における全面禁煙の実施', '医療に関する相談窓口設置']",na,"['歯科訪問診療', '訪問歯科衛生指導']","['病院との連携', '診療所との連携', '居宅介護支援事業所との連携', '薬局との連携']",2.5|2|0.5,na,na,4|4|-,35,na,na,12,"[歯科, 小児歯科, 矯正歯科, ]"
2023-09-04,中村歯科医院,笠間市笠間１７１７－２,茨城県笠間市笠間1717-2,,2015年3月10日,https://www.ibaraki-medinfo.jp/details/BaseInfo/sb/3080000198,個人,中村宏史,中村宏史,"['歯科領域の一次診療', '著しく歯科診療が困難な者（障害者等）の歯科治療']","['埋伏歯抜歯', '顎関節症治療']",na,na,"['院内処方', '車椅子利用者への配慮（施設内のバリアフリー化の実施）', '施設内における全面禁煙の実施']",na,na,na,1|1|-,na,na,1|1|-,16,na,na,12,"[歯科, ]"
2023-09-04,中山歯科医院,笠間市下郷４０８７－１,茨城県笠間市下郷4087-1,,2020年12月24日,https://www.ibaraki-medinfo.jp/details/BaseInfo/sb/3080000199,個人,中山均,中山均,['歯科領域の一次診療'],"['埋伏歯抜歯', '顎関節症治療']",na,na,"['院内処方', '車椅子利用者への配慮（施設内のバリアフリー化の実施）', '車椅子対応トイレ', '施設内における全面禁煙の実施']",na,na,na,1|1|-,na,na,na,4.8,na,na,12,"[歯科, 小児歯科, 歯科口腔外科, ]"
2023-09-04,塙歯科医院,笠間市笠間１９４９－２,茨城県笠間市笠間1949-2,,2023年3月30日,https://www.ibaraki-medinfo.jp/details/BaseInfo/sb/3080000201,個人,塙章一,塙章一,['歯科領域の一次診療'],"['埋伏歯抜歯', '顎関節症治療']",na,na,"['院内処方', '視覚障害者への配慮（音声による情報の伝達）', '車椅子対応トイレ', '施設内における全面禁煙の実施']",na,na,"['病院との連携', '診療所との連携', '訪問看護ステーションとの連携', '居宅介護支援事業所との連携']",3|3|-,na,na,1|-|2,30,na,na,12,"[歯科, ]"
2023-09-04,松井歯科医院,笠間市笠間１４５８－２,茨城県笠間市笠間1458-2,,2018年12月05日,https://www.ibaraki-medinfo.jp/details/BaseInfo/sb/3080000202,個人,松井慎太郎,松井慎太郎,['歯科領域の一次診療'],"['埋伏歯抜歯', '顎関節症治療']",na,na,"['院内処方', '院外処方', '車椅子利用者への配慮（施設内のバリアフリー化の実施）', '施設内における全面禁煙の実施']",na,na,na,2|2|-,na,na,0|-|-,44.6,na,na,12,"[歯科, 小児歯科, 矯正歯科, ]"
2023-09-04,湊歯科医院,笠間市石井１０２５－１,茨城県笠間市石井1025-1,,2023年3月10日,https://www.ibaraki-medinfo.jp/details/BaseInfo/sb/3080000203,個人,湊隆夫,湊隆夫,"['歯科領域の一次診療', '成人の歯科矯正治療']",['埋伏歯抜歯'],na,na,"['院内処方', '車椅子利用者への配慮（施設内のバリアフリー化の実施）', '車椅子対応トイレ', '施設内における全面禁煙の実施']",na,na,na,3.5|3|0.5,na,na,2|2|-,27,na,na,12,"[歯科, ]"
2023-09-04,石崎歯科医院,小美玉市小岩戸１２５９－１,茨城県小美玉市小岩戸1259-1,,2021年5月17日,https://www.ibaraki-medinfo.jp/details/BaseInfo/sb/3080000205,個人,石崎広光,石崎広光,['歯科領域の一次診療'],['埋伏歯抜歯'],na,na,"['院内処方', '車椅子利用者への配慮（施設内のバリアフリー化の実施）', '施設内における全面禁煙の実施']",na,na,"['病院との連携', '診療所との連携']",1|1|-,na,na,2|2|-,37.2,na,na,12,"[歯科, 小児歯科, ]"
2023-09-04,かいとう歯科医院,小美玉市羽刈２８９－７４,茨城県小美玉市羽刈289-74,,2023年3月30日,https://www.ibaraki-medinfo.jp/details/BaseInfo/sb/3080000207,個人,皆藤政司,皆藤政司,"['歯科領域の一次診療', '成人の歯科矯正治療']",na,na,na,"['院内処方', '車椅子利用者への配慮（施設内のバリアフリー化の実施）', '施設内における全面禁煙の実施']",na,na,na,2|2|-,na,na,na,34.5,na,na,12,"[歯科, 小児歯科, 矯正歯科, ]"
2023-09-04,木村歯科医院,小美玉市羽鳥２３５２－１９１,茨城県小美玉市羽鳥2352-191,,2023年3月15日,https://www.ibaraki-medinfo.jp/details/BaseInfo/sb/3080000208,個人,木村 守隆,木村 守隆,['歯科領域の一次診療'],['顎関節症治療'],na,na,"['院内処方', '施設内における全面禁煙の実施']",na,na,na,1|1|0,na,na,1|1|0,15,na,na,12,"[歯科, 小児歯科, ]"
2023-09-04,くにふだ歯科医院,小美玉市羽鳥２８５０－３８,茨城県小美玉市羽鳥2850-38,,2023年3月15日,https://www.ibaraki-medinfo.jp/details/BaseInfo/sb/3080000209,個人,國府田 美葉,國府田 美葉,['歯科領域の一次診療'],na,na,na,"['院内処方', '院外処方', '視覚障害者への配慮（音声による情報の伝達）', '車椅子利用者への配慮（施設内のバリアフリー化の実施）', '車椅子対応トイレ', '施設内における全面禁煙の実施']",na,"['歯科訪問診療', '訪問歯科衛生指導', '歯科疾患在宅療養管理']",na,1.6|1|0.6,na,na,1|1|0,13.7,na,na,12,"[歯科, 小児歯科, ]"
2023-09-04,医療法人社団奎林会光林堂歯科医院,小美玉市幡谷４０６－３,茨城県小美玉市幡谷406-3,,2023年3月15日,https://www.ibaraki-medinfo.jp/details/BaseInfo/sb/3080000210,医療法人,医療法人社団奎林会,吉岡正行,"['歯科領域の一次診療', '著しく歯科診療が困難な者（障害者等）の歯科治療']","['埋伏歯抜歯', '顎関節症治療']",na,na,"['院内処方', '車椅子利用者への配慮（施設内のバリアフリー化の実施）', '施設内における全面禁煙の実施']",na,na,"['病院との連携', '診療所との連携']",1|1|-,na,na,4|4|-,30,na,na,12,"[歯科, 小児歯科, 歯科口腔外科, ]"
2023-09-04,こばなわ歯科医院,小美玉市下馬場５５３－１,茨城県小美玉市下馬場553-1,,2023年3月15日,https://www.ibaraki-medinfo.jp/details/BaseInfo/sb/3080000211,個人,小塙衛,小塙衛,['歯科領域の一次診療'],['埋伏歯抜歯'],na,na,"['院内処方', '車椅子利用者への配慮（施設内のバリアフリー化の実施）', '施設内における全面禁煙の実施']",na,na,"['病院との連携', '居宅介護支援事業所との連携']",2|1|1,na,na,3|1|2,23,na,na,13,"[歯科, ]"
2023-09-04,佐久間歯科,小美玉市堅倉１６１７－１,茨城県小美玉市堅倉1617-1,,2023年5月08日,https://www.ibaraki-medinfo.jp/details/BaseInfo/sb/3080000212,個人,宇野真理子,宇野真理子,"['歯科領域の一次診療', '成人の歯科矯正治療']","['埋伏歯抜歯', '顎関節症治療']",na,na,"['院内処方', '車椅子利用者への配慮（施設内のバリアフリー化の実施）', '施設内における全面禁煙の実施']",na,"['歯科訪問診療', '訪問歯科衛生指導', '歯科疾患在宅療養管理']","['病院との連携', '診療所との連携', '訪問看護ステーションとの連携', '居宅介護支援事業所との連携']",1.5|1|0.5,na,na,2.3|1|1.3,31.4,na,na,13,"[歯科, 小児歯科, ]"
2023-09-04,玉里歯科医院,小美玉市栗又四ケ１７６８－２７,茨城県小美玉市栗又四ｹ1768-27,,2023年3月13日,https://www.ibaraki-medinfo.jp/details/BaseInfo/sb/3080000213,個人,千錫男,千錫男,['歯科領域の一次診療'],na,na,na,['院内処方'],na,na,na,1|1|-,na,na,na,15.5,na,na,13,"[（一般）歯科, ]"
2023-09-04,医療法人恵歯会なかのべ歯科医院,小美玉市中延６３２－１,茨城県小美玉市中延632-1,,2023年5月08日,https://www.ibaraki-medinfo.jp/details/BaseInfo/sb/3080000214,医療法人,医療法人恵歯会,安部 雄一郎,['歯科領域の一次診療'],"['埋伏歯抜歯', '顎関節症治療', '口唇、舌若しくは口腔粘膜の炎症、外傷又は腫瘍の治療']",na,na,"['院内処方', '車椅子利用者への配慮（施設内のバリアフリー化の実施）', '車椅子対応トイレ', '施設内における全面禁煙の実施']",na,na,na,2|1|1,na,na,4|3|1,70.9,na,na,13,"[歯科, ]"
2023-09-04,羽鳥デンタルクリニック,小美玉市羽鳥２６１－６,茨城県小美玉市羽鳥261-6,,2023年3月13日,https://www.ibaraki-medinfo.jp/details/BaseInfo/sb/3080000217,個人,長谷哲郎,長谷哲郎,['歯科領域の一次診療'],na,na,na,"['院内処方', '視覚障害者への配慮（音声による情報の伝達）', '聴覚障害者への配慮（施設内の情報の表示）', '施設内における全面禁煙の実施']",na,na,"['病院との連携', '診療所との連携']",1|1|-,na,na,na,15,na,na,13,"[歯科, ]"
2023-09-04,医療法人社団 ふたば歯科,小美玉市栗又四ケ２４６３－１５,茨城県小美玉市栗又四ｹ2463-15,,2023年3月30日,https://www.ibaraki-medinfo.jp/details/BaseInfo/sb/3080000218,医療法人,医療法人社団 ふたば歯科,田中好治,"['歯科領域の一次診療', '著しく歯科診療が困難な者（障害者等）の歯科治療']",na,na,na,"['院内処方', '車椅子利用者への配慮（施設内のバリアフリー化の実施）', '施設内における全面禁煙の実施']",na,na,na,1|1|-,na,na,1|1|-,22.8,na,na,13,"[歯科, ]"
2023-09-04,みのりデンタルクリニック,小美玉市西郷地１３４３－１,茨城県小美玉市西郷地1343-1,,2015年2月02日,https://www.ibaraki-medinfo.jp/details/BaseInfo/sb/3080000219,個人,杉本敏樹,杉本敏樹,"['歯科領域の一次診療', '成人の歯科矯正治療', '著しく歯科診療が困難な者（障害者等）の歯科治療']","['埋伏歯抜歯', '顎関節症治療', '口唇、舌若しくは口腔粘膜の炎症、外傷又は腫瘍の治療']",na,na,"['院内処方', '車椅子利用者への配慮（施設内のバリアフリー化の実施）', '施設内における全面禁煙の実施']",na,na,"['病院との連携', '診療所との連携']",2|2|-,na,na,1|1|-,30.5,na,na,13,"[歯科, 小児歯科, ]"
2023-09-04,有波歯科医院,東茨城郡茨城町中石崎３８０－２,茨城県東茨城郡茨城町大字中石崎380-2,,2023年3月13日,https://www.ibaraki-medinfo.jp/details/BaseInfo/sb/3080000220,個人,有波三千晴,有波三千晴,['歯科領域の一次診療'],na,na,na,"['院内処方', '施設内における全面禁煙の実施']",na,na,na,1|1|-,na,na,na,5.7,na,na,13,"[歯科, ]"
2023-09-04,たかつち歯科医院,東茨城郡茨城町前田１６８９－４,茨城県東茨城郡茨城町大字前田1689-4,,2022年3月25日,https://www.ibaraki-medinfo.jp/details/BaseInfo/sb/3080000222,個人,高槌力弥,高槌力弥,"['歯科領域の一次診療', '成人の歯科矯正治療']",['埋伏歯抜歯'],na,na,"['院内処方', '車椅子利用者への配慮（施設内のバリアフリー化の実施）', '施設内における全面禁煙の実施']",na,"['歯科訪問診療', '訪問歯科衛生指導']","['病院との連携', '診療所との連携']",3|2|1,na,na,4|2|2,32,na,na,13,"[歯科, 矯正歯科, 歯科口腔外科, ]"
2023-09-04,田中歯科医院,東茨城郡茨城町下石崎１０４３,茨城県東茨城郡茨城町大字下石崎1043,,2021年5月17日,https://www.ibaraki-medinfo.jp/details/BaseInfo/sb/3080000224,個人,田中俊彦,田中俊彦,['歯科領域の一次診療'],['埋伏歯抜歯'],na,na,"['院内処方', '施設内における全面禁煙の実施', '喫煙室の設置']",na,na,na,1|-|-,na,na,na,6.2,na,na,13,"[歯科, 小児歯科, 歯科口腔外科, ]"
